1007.5,4,79,3.5
1007,3,79,4
1006.5,3,81,3.5
1005.5,3,82.5,4.5
1005.5,3,81.5,4.5
1005,3.5,81.5,5
1005,3.5,81.5,5
1005,3.5,80,4.5
1005,4.5,80.5,5
1005,4.5,82.5,5.5
1004,5.5,82,6
1004,6,82,6
1003,6.5,80.5,6.5
1003,7,79,6.5
1002,7.5,77,6.5
1002,7,79,6.5
1001.5,7,83.5,5.5
1001,7,85,5.5
1001,7,86.5,5.5
1000.5,7,87,5.5
999.5,7,87,5
999.5,7.5,84.5,7.5
999.5,7.5,81,8
999,7.5,81,7.5
999.5,7.5,78.5,7
999.5,6.5,77,7.5
1000,6.5,75.5,6
1000,6,74,6
1000,5.5,72,5.5
1000.5,5.5,73.5,6
1001,5,75.5,5
1001.5,5,76.5,5
1002,5.5,77,6
1002.5,6,76.5,6
1003,7,74,5.5
1003,7.5,71,6
1003,7.5,72,5.5
1003,7,73.5,5
1003.5,7,71,5
1003.5,6.5,71,5
1004,6,74.5,4
1004,5.5,76,4
1004.5,5,76.5,3.5
1005,4.5,78.5,3.5
1005.5,4.5,80,3.5
1005.5,4.5,80.5,3.5
1005.5,3.5,81.5,3.5
1005,2.5,85,3
1004.5,2.5,89,4
1004,2.5,91,3.5
1004,2.5,91.5,3.5
1003,2.5,91,4
1003,2.5,91.5,4
1002.5,3,91.5,4
1002.5,3.5,90,5
1002,4,89,5
1001,4,90,6
1000,5,91,6
1000,6,90.5,7.5
999,6.5,93,7.5
998,6.5,95,7.5
997.5,7,95.5,7
996.5,7.5,95.5,8.5
996,8,95.5,8
996,8,95.5,8
996,9,95.5,7.5
996,8.5,95.5,7
995.5,9,95.5,6.5
996,9,96,6.5
995.5,9,96,6.5
995.5,9.5,96,6.5
995.5,9.5,96.5,6.5
995.5,9.5,96.5,5.5
995.5,9.5,96.5,5.5
995.5,10,96.5,6
995.5,9.5,96.5,6
995.5,9.5,97,6.5
995.5,9.5,97,6.5
995,9.5,97,7.5
996,9.5,97,7
996,10,97,7.5
996,10,96.5,7.5
996,10.5,95.5,7.5
996,10.5,93.5,7
995,10.5,90.5,7.5
995,9.5,89.5,7
994.5,9.5,89.5,7.5
994.5,9.5,89.5,7
994.5,9.5,89,7
994,9.5,89.5,7.5
993.5,9,89.5,7.5
993.5,9.5,88,8
993,9,88,7
992.5,9,87,7.5
992,9,87,7
992,9.5,86,8.5
992,9.5,85.5,8
991,10,84.5,8
991,10,85,8.5
990,9.5,85,8.5
990,9.5,85.5,7
990,9.5,85,7.5
990,9.5,85,8
990,9.5,85,8
990,9.5,85,8
990,9.5,83.5,8
989.5,10.5,80.5,8
988.5,11,76,7.5
988,12,71,8
987.5,12,69,7.5
986.5,12,67,7.5
986.5,11.5,67,7
985.5,10.5,68.5,8.5
985.5,10.5,67.5,8.5
984.5,11,62,8.5
984,11.5,59,9
983.5,11.5,59,8.5
982.5,11.5,59.5,9.5
982.5,11.5,59,10.5
982,11.5,60.5,9.5
981.5,11,62.5,10
981,11,61.5,10.5
981,11,61,10
979.5,11,62.5,11
979.5,11,64,10.5
979.5,11.5,64,10.5
979.5,12,64.5,10.5
980.5,12,66.5,12
982,12,72.5,11
983,12.5,77.5,11
983.5,12.5,80,11.5
985,12,80,10.5
986,12,79.5,8
986.5,12.5,75,9
987,12,70,9
988,11.5,72.5,7
989,11,78.5,6
990,10,80.5,5.5
990,9,82.5,5
991,9.5,84.5,5
991,9.5,85,4
991.5,9.5,86.5,5
991,9,89,4
991,8.5,90,3.5
990,8.5,91,3
989.5,8.5,92.5,3
989,8.5,93,2.5
988.5,9,92,5
988.5,9.5,88.5,6
989,9.5,88,6
989,9.5,88,5
990,9.5,87.5,5.5
991,8,90,4
992.5,7.5,92,3.5
993,8,92.5,2
993.5,8.5,90,2
993.5,9,85,2.5
993.5,8.5,82,3
993.5,8,79.5,2
993.5,7.5,78,2
993.5,7.5,82,1.5
994.5,7,83.5,1.5
994.5,7,84,1
994,6,87,2
994,6,88.5,2.5
994,5.5,89,2.5
993.5,6,89.5,3
993.5,6,89,3.5
992.5,6,89,3
992.5,6,90.5,3
992.5,5.5,91.5,3.5
992.5,4,92.5,3
992,4,92.5,3
992,4,93,3
992.5,4,93.5,3
993,4.5,93,3
994,5,86,3
994.5,5.5,82,3
995,5,82.5,4.5
995.5,5.5,81.5,5
996,5.5,78.5,5
996.5,5.5,78,5.5
997,5.5,78,6
997.5,5,80,5
998,4,81.5,5.5
999,4,82.5,6.5
999,3.5,83.5,5.5
1000,4,83,5
1000,3.5,81,5
1001,3.5,81.5,5.5
1001,4,81.5,6
1001,4,81.5,5.5
1001.5,4,82,6
1002,3.5,82,6
1002,3.5,83,6
1002,3.5,83.5,6
1002,3,84,6.5
1002,3,84.5,7
1003,3,85,5.5
1003,3.5,85,5
1004,4,85,5.5
1004.5,4,83.5,5
1004.5,4.5,83,5
1004.5,5,82,5.5
1004.5,5.5,80,6
1005,5.5,78,6
1005,5.5,77,6
1005.5,5,77,6
1006,5.5,77,6
1006,5.5,77,6
1006,5.5,78,5.5
1006,5.5,80,5.5
1006,5,80,6
1006,5,81.5,6
1006,4.5,82,6
1006,3.5,82.5,5
1005.5,3,86,4.5
1005,3,89,6
1004,3.5,89.5,5.5
1003.5,3.5,91,6
1002.5,4,92,7
1001.5,5,92.5,8
1000,5,94,8
999.5,5.5,95,8.5
998.5,5.5,95,9.5
998,6.5,94.5,8.5
997.5,7.5,94,9.5
996,7.5,93.5,9
995.5,7.5,93,8
994.5,7.5,91.5,7.5
993.5,7.5,89,7.5
993.5,7.5,87.5,7
993,8,86.5,7.5
992.5,8,85.5,7.5
992,7.5,84.5,7.5
991.5,7,87,7
991.5,6.5,90,6.5
991,7,89,6.5
990,7,86,6.5
990,7,83.5,7
990,6.5,82.5,6.5
990,6,83,6
989.5,5.5,82.5,6
989,5,83,5.5
989,5,84.5,5.5
989,5,85,5
989.5,5,86,4.5
990,5,87,4
990,5,87,4.5
990,5.5,86.5,4
989.5,6,85,3.5
989,6,79,4.5
988.5,6,77,5
988,6,75.5,5
988,6,74,4.5
987.5,5.5,75,5
987.5,5,78.5,4
987.5,5,79.5,4
987.5,4.5,79.5,4
987.5,4,81.5,3.5
987.5,4,83.5,3
987.5,4,84,3
987.5,4,85,3
987.5,4,86.5,4
987,3.5,86.5,3
987,3.5,88.5,3.5
987,3.5,88.5,5
986,3.5,88,3.5
986,3,89.5,4
986,3,90,4.5
986,3,90.5,4.5
986.5,2.5,90,5.5
986.5,2.5,90,5.5
986.5,3,89.5,4.5
986.5,3.5,88,4
987,3,87,3
986.5,3.5,87,4
987,4,85.5,4
987,4,87,3.5
987.5,3.5,89,5.5
988,3.5,90,4
988,4,89.5,4.5
988.5,3.5,89.5,5
989,4,89,5
989,4,87.5,3.5
989.5,4,87.5,2
989,4,88,4.5
989,4,88.5,3
989,4,90.5,4
989,4,91.5,5.5
989,4,91.5,7
988,3.5,92,6
988,4,92,7.5
988,3.5,92.5,7.5
988,3,91.5,7
988,3,90,6.5
988,3,88.5,5.5
988,2.5,89,5.5
987.5,2.5,91,7.5
987.5,2.5,92,7
987,3,92.5,7.5
986.5,3,90.5,8
986.5,3,91.5,8
986.5,3,92,8.5
986.5,2,93,8
987,2,93.5,5.5
987,2,94,7.5
987,2.5,92.5,6.5
987.5,2.5,92,5.5
988,1.5,92.5,3
988,1.5,93,2
988.5,1.5,93.5,1.5
988.5,1.5,94.5,2
989,2,94.5,2
989.5,1.5,94.5,1
990.5,1.5,95,2
991.5,2.5,94.5,3
992,2.5,93.5,3.5
993,2.5,92.5,4
994.5,2,92,5
995.5,2,90,5
996.5,2,89.5,4.5
997.5,2.5,89,4
998.5,3,88.5,4
998.5,3.5,87.5,4
999,3.5,86.5,5
999.5,3.5,84,5
1000,3.5,84.5,4.5
1001,2.5,87.5,5
1002,2.5,91,3
1002,2.5,92,2
1002.5,2,92.5,2
1003,2,92.5,1.5
1003.5,2,93.5,2
1004,1.5,93.5,2
1004.5,1.5,94.5,2.5
1004.5,1.5,95,2.5
1005,1.5,95.5,2
1005.5,0.5,96,2.5
1006,0,96.5,2.5
1006.5,0,97,3
1006.5,-0.5,97.5,2.5
1007.5,-1,98,3.5
1007.5,-1,98.5,3.5
1008.5,-1,98.5,3
1008.5,-1,97.5,3
1008.5,-1,97,3
1008.5,-0.5,97,2.5
1008.5,0,97,3.5
1008,-0.5,97,3.5
1008,-0.5,98,3.5
1008,-1,99,3.5
1008,-1,99,3.5
1008.5,-1,99.5,3.5
1009,-1,99.5,3.5
1009,-1.5,99.5,3.5
1009,-1.5,99.5,3
1008.5,-1.5,99.5,3.5
1008.5,-1.5,99.5,3
1008,-1.5,99,4
1007.5,-1.5,99,4
1007.5,-1,99,3.5
1007,-1,98.5,4
1007,-1,98.5,4
1006.5,-1,98.5,4
1006.5,-0.5,98.5,4
1006.5,-0.5,98.5,4.5
1007,0,97.5,5
1007,0,97,4.5
1007,0.5,97.5,4.5
1007,1,97.5,5.5
1006.5,1.5,97.5,4.5
1006.5,2,98,4
1006.5,2,98,4
1007,2.5,98,3.5
1007,3,98,3.5
1007.5,3.5,98.5,4
1008,3.5,98.5,4
1008,3.5,98.5,4
1008,3.5,98,4
1009,3,98,4
1009,3.5,98,2.5
1010,3.5,98,2
1010,4,97.5,3.5
1010,4,96.5,3.5
1010,4,96.5,2.5
1010,3.5,96.5,2.5
1010.5,4,96.5,3.5
1011,4.5,96,4
1011,4.5,95,3
1011,4.5,94.5,3
1012,4.5,93.5,3
1013,4.5,93.5,3
1013,5,93.5,3
1013,5,93.5,3
1013,5.5,93.5,3.5
1013.5,6,92.5,3.5
1014,6,91.5,3.5
1014,6,91.5,3.5
1014,5.5,90.5,3
1015,5.5,90.5,3
1015,5.5,90.5,3.5
1015.5,5,91,3.5
1016,4.5,90.5,4
1016,4,92,3.5
1016.5,4,93,3
1016.5,4,93.5,3
1016.5,4,94.5,2.5
1016.5,4.5,94,2.5
1016.5,4.5,93.5,3.5
1016.5,5,93,4
1016.5,5.5,93,4.5
1016.5,5.5,91,4
1016.5,5.5,90.5,4
1017,5.5,89,4
1017.5,5.5,85.5,3.5
1017.5,5.5,82.5,3
1017.5,6,83,3.5
1017.5,6,84,3.5
1017.5,6.5,84,3.5
1017.5,6.5,83,4
1016.5,6.5,82.5,4
1016.5,6,82,3.5
1016.5,6,82.5,3.5
1016.5,6,81,3.5
1016.5,6,79,3.5
1016.5,5.5,79,4
1016.5,5.5,79.5,4
1016.5,5.5,80.5,4
1016.5,5.5,81,4
1016,5.5,82,4.5
1015.5,5.5,83.5,4.5
1015.5,6.5,85.5,4.5
1015.5,6.5,84.5,5
1015,6,84,5
1015,6,83,5
1014.5,6,82,4
1014,5.5,85,4
1014,5.5,87,4
1014,5.5,88,4
1014,5.5,89,4
1014,6.5,89,4.5
1013,6.5,86.5,5
1013,7.5,83.5,4.5
1012,7.5,83,5
1011.5,7,84.5,5
1011,6.5,85,6
1010.5,6.5,84,5.5
1010.5,6.5,82.5,5.5
1010,6,81.5,5.5
1009.5,6,80,6.5
1009,6,80.5,6.5
1008,6,81,6
1007.5,5,81.5,6
1006.5,5,81,6.5
1006,5,79.5,7
1004.5,4.5,80,8
1003.5,4,82,9
1003,3.5,84,9.5
1002,2.5,88,9.5
1001,2.5,90,9.5
1000.5,2.5,89.5,10.5
1000,2.5,87.5,11
999,3,87.5,11
998,3,88.5,10.5
997.5,3,89.5,11
996.5,3,90,11.5
995,4,91.5,11.5
993.5,4.5,91.5,11
992.5,5,92,11
991.5,5,92.5,11.5
991,5.5,92,11
990.5,6,92,9.5
991,6,92,8
991,6.5,92,7.5
990.5,6.5,91,7
991,6.5,88.5,6.5
991.5,7,85,6.5
992,6,82.5,6.5
992,5.5,82.5,6.5
992.5,5.5,82,6
993,5,80.5,6.5
993,4.5,79.5,7
992.5,4,80,8
992.5,4,80,8
992,4,79,8
992,3,78.5,8
992,3,80.5,6.5
993,3,81.5,7.5
993.5,3,80.5,6.5
993.5,3,78.5,7.5
994,4,75,7
994,3.5,75,7
994,3.5,72,6.5
994.5,3.5,70,6
995,3,72,6.5
995,2.5,75.5,7
995.5,2.5,73.5,7
996,2,72.5,7
996.5,1.5,73.5,6.5
996.5,1.5,75.5,6.5
996.5,1.5,75,6.5
996.5,1.5,75,6.5
996.5,1,75.5,6
996.5,1,76.5,6.5
996.5,1,77,5.5
997,1,78.5,6.5
997,0.5,79.5,6
996.5,0.5,80.5,6
997,1,81,6
997,1,81,6
997.5,1,80.5,6.5
997.5,1.5,80.5,6
997.5,1.5,81,6.5
997.5,1.5,80.5,7
997,2.5,79.5,6.5
997,2.5,76.5,6
996,2,73,6.5
996,2.5,74,6.5
995.5,2.5,73,6
994.5,2,73.5,5.5
994.5,2,75.5,6
993.5,1.5,80.5,5.5
993,1.5,79.5,6
992,1,80,6.5
991.5,1,85,6.5
990.5,1,89,6.5
989,1,91,6.5
987.5,1,92,7
986,1,92,6.5
984.5,1,92,6.5
982.5,1,93,6.5
980,1,93.5,5.5
977.5,1.5,94,6.5
974.5,1.5,93,7.5
971,1,92.5,9
967.5,0.5,93.5,10
963.5,0.5,94.5,10
960,0.5,95.5,10
958.5,1,94.5,8.5
958,3.5,95,9.5
957,5.5,91.5,10.5
957,6.5,85.5,12.5
957.5,5.5,84,12
958,5.5,83.5,11.5
959,5,86,10.5
960.5,5.5,85,8.5
962,5.5,81,8
963.5,5,82.5,7.5
964,5,84,4.5
964.5,5,84.5,4
965.5,4.5,88,4.5
965.5,3.5,90.5,3.5
965.5,3.5,90.5,2.5
966,3,92,2.5
964.5,3,92.5,3.5
963,3.5,93,6
962,4,92.5,7.5
961.5,3.5,92.5,9
960.5,3.5,91,9.5
960,3,90,10.5
960,3,92,8
959,3.5,93.5,8
958,4.5,93,9
958,5,85.5,10
958,5,85.5,11
958,4.5,86,12.5
959,5,91,12.5
960,4.5,92.5,13
961.5,5,91.5,14
963,4.5,90,12.5
964.5,4.5,91.5,11.5
966.5,3.5,92.5,10.5
969,2,94,8
971,2,93,8.5
973.5,3,91,8.5
975.5,2.5,89,6.5
977,2.5,88,5
979.5,2.5,84.5,7
981,2,87.5,5.5
982.5,2,90,4
984.5,2.5,89.5,5
985.5,2.5,90,4.5
987,2.5,90.5,5
988,2.5,91.5,5
989,2.5,92,5
990.5,2.5,92,4.5
991,2,92,4
991.5,2.5,89,5
992,3,88.5,4
993,3,89.5,4
994,2.5,88.5,4
994,1.5,90.5,4
994.5,1.5,91,4
995,1.5,91.5,4
995.5,1.5,90.5,4.5
995.5,1.5,90.5,5.5
995,1.5,90.5,6
994.5,1.5,90.5,6.5
994,2,90,7
993.5,2,89,7.5
992.5,2.5,89,7
991.5,3,90,8
990.5,3,88.5,9.5
989,3.5,87.5,10.5
988,3.5,87.5,10.5
987,3.5,88.5,11.5
986,4,88.5,10.5
985,3.5,92,9
984.5,4,93.5,8
984,4.5,92.5,7.5
983.5,4.5,92,7
982,4.5,92.5,7.5
981,5,92,7
980,5,93.5,7
978.5,5.5,93.5,8
976,6,94,9
975,7,93,10
973,6.5,92.5,9.5
973,6.5,91,9.5
973.5,6.5,88,10
973.5,5.5,83,8
973.5,5.5,81,7
973.5,4.5,82.5,6.5
972.5,4,86,7.5
973,4,88,13
974,3.5,87.5,13.5
975.5,4.5,81,12
977,4,77,10.5
977,4.5,77.5,9.5
977.5,4.5,79.5,9.5
977.5,4,81,9
977.5,4,82.5,8
977.5,4.5,80.5,9
977.5,4.5,80.5,8.5
976.5,4.5,80.5,8
976.5,4.5,81,7
975.5,4.5,82.5,6
974.5,4.5,81,6.5
974.5,4,82.5,7
973.5,3.5,87,6.5
973,3.5,88.5,6
973,3,90.5,6
972.5,3,91,6
972.5,3,92,6
972.5,3,92.5,5.5
972.5,3,93.5,5.5
972.5,2,93,6
973,2.5,93,6
973,2.5,93,6
974,2.5,92.5,6
974,2.5,93.5,6
974,2.5,94,5.5
974.5,2.5,94,4.5
974.5,2.5,94,4.5
974.5,2,95,3.5
975.5,2,96,4.5
976.5,2.5,96,4
976.5,3,95.5,5
976.5,3,92.5,4.5
977,4,93,4
977,4.5,93,3
978,4,93.5,2.5
978.5,3,94,2
979.5,2,94.5,1.5
980,2.5,95.5,2
981.5,3,95.5,2.5
982.5,3,96.5,2
983.5,2.5,96.5,1.5
984.5,2.5,96.5,2
985.5,3,96.5,2
986.5,3.5,96.5,4
987,3.5,96.5,3
987.5,4,96,4
988.5,4,94.5,5
989.5,3.5,93.5,6
990.5,3,92.5,5
991,3,92.5,5.5
992,2.5,93,4
992.5,3,94.5,4.5
994,3.5,94,5
995,3.5,93.5,6
995.5,3.5,92,5.5
996,4,91,5
996.5,3.5,90,5
996.5,3.5,89.5,4.5
997.5,3.5,88.5,4.5
998,3.5,87.5,4
999,3,86.5,4
999,3.5,86,4
1000,3.5,84,4
1001,3,84,5
1001,3,85,4.5
1001,3,84,5
1002,2.5,84.5,4.5
1002,2.5,86.5,4
1002,2.5,88,4
1002.5,2,89.5,4.5
1003,2,90.5,3.5
1003,2,92,4
1004,2.5,92,4
1004,2.5,92.5,4
1004.5,2.5,93,4
1005,2,92.5,3
1006,2.5,92.5,3
1006,3,93,3.5
1006,3.5,92,3
1006,3.5,91,4
1006,3.5,91,3.5
1006.5,3,90.5,4
1006,3,90,4.5
1006,2.5,89.5,5
1005.5,2.5,89.5,5.5
1005,2.5,90,6.5
1004.5,2,91,7.5
1004,2.5,91,8
1003,3,91,8
1002,2.5,92,8.5
1001.5,3,95,7
1001,4,96.5,6
1000,4,96.5,7.5
1000.5,4,96,8.5
1000.5,4,96.5,8.5
1000.5,4,95.5,6.5
1001,4,94.5,6.5
1001.5,4.5,93.5,6.5
1002.5,5,92.5,6.5
1003.5,5.5,92,7.5
1004.5,5.5,90.5,8
1005.5,5.5,90.5,7
1006,6,91,7
1006.5,6,90.5,6.5
1006.5,6,89,6
1007.5,6,88.5,5
1008,6,87.5,5
1009,6,89,4.5
1010,6,91,5
1010.5,5.5,92,4
1011,5.5,93,3.5
1011.5,5.5,93.5,3.5
1012,5.5,94,3
1012.5,4.5,94,3
1013,4.5,94.5,3
1013,5,94,3.5
1013,3.5,94.5,2.5
1014,3.5,95,3
1014.5,4,95.5,2.5
1014.5,4,95.5,2
1014.5,4,95.5,2
1015.5,3.5,96,2
1015.5,3.5,96.5,2
1016,3,97,2
1016.5,3,97,3
1017,3.5,97.5,3
1017,4.5,97.5,3
1017,5.5,96.5,3.5
1016.5,6,96,3.5
1016,6,94,4
1016,5.5,92,4
1016,5.5,91.5,3.5
1016,5.5,91.5,3.5
1016,5.5,92.5,3.5
1016,5,93,3.5
1016,5.5,93,3.5
1016,5.5,94,3
1016,5.5,94.5,4
1016,5.5,95,4
1016,5.5,95,4.5
1015,5.5,95.5,4
1015.5,5.5,96,3.5
1015,5.5,96.5,3
1015,5.5,97,3.5
1015,5.5,97.5,3
1015,5.5,97.5,3
1015,5.5,98,3
1015.5,5.5,98,2.5
1015.5,5.5,98,2
1016,6,98.5,3
1016.5,6,98.5,2.5
1016,6.5,98.5,2
1015.5,7,98.5,2
1016,7,99,2
1016,7,99,1.5
1016,7,99,1.5
1016,6.5,99,2
1016.5,7,99,2.5
1017,7,99,2.5
1017,6.5,99,2.5
1017,7,99,2.5
1017,7,99,2.5
1017,7,99,2.5
1017,7,99,3
1017,7,99.5,3.5
1017,7,99.5,3.5
1016.5,7,99.5,3.5
1016.5,7,99.5,3.5
1016.5,7,99.5,3.5
1016.5,7,99.5,3.5
1016.5,7,99.5,3.5
1017,7,99.5,3.5
1017,7,99.5,3.5
1017.5,7.5,99.5,3.5
1017,7.5,99.5,4
1017,7.5,100,3.5
1017,7.5,100,3.5
1016,8,100,3.5
1016.5,8,100,3
1016.5,8,100,3
1016.5,8,99.5,3.5
1017,8,99.5,3
1016.5,8,100,3.5
1017,8,100,4.5
1016.5,8.5,100,4.5
1016.5,8,100,4
1016.5,8.5,100,4
1016,8,100,4
1016,8,100,4.5
1015.5,8,100,4.5
1015.5,8,100,4.5
1015,8,100,4
1015,8,100,4.5
1015,8,100,4
1015,8,100,3.5
1016,7.5,100,3
1016,7.5,100,2.5
1016.5,7.5,100,3
1017,8,100,3
1017,8,100,2.5
1017,8,100,2
1016.5,8,100,2
1016.5,8,100,2.5
1017,8,100,2.5
1017.5,8,100,2.5
1018,8,100,2.5
1018.5,8,100,3
1018.5,7.5,100,2.5
1019,8,100,2.5
1019,8,100,2
1019,8,100,2.5
1019,7.5,100,2.5
1018.5,7.5,100,3
1018,7.5,100,3.5
1017.5,8,99.5,4
1017.5,8,99.5,4
1016.5,8,99.5,5
1016.5,8,99,4.5
1016.5,8,99.5,4.5
1016.5,8,99,5
1016.5,8,99,5
1016.5,8,99,5
1016,8,98.5,5.5
1016,8.5,98,7
1015,8.5,96.5,6.5
1015,8,96,6
1014.5,8.5,96.5,6.5
1014.5,8,97,6
1014,8,96.5,6.5
1014,8,96.5,6
1014,8,96,6
1013.5,8,94.5,6.5
1013,7.5,94,6
1013,7.5,94.5,6
1013,7.5,96,7
1013,7.5,96,6.5
1012,7.5,97,6.5
1012,7.5,97,6.5
1011.5,7.5,97,6
1011,7.5,97,7
1010.5,7.5,97,6.5
1010,7.5,97,6.5
1010,7.5,96.5,6
1010,7.5,95.5,6.5
1009.5,7.5,95,6.5
1009.5,7.5,94.5,7
1009.5,7.5,94.5,7
1009,8,94.5,6
1008,8,94.5,6.5
1007.5,8.5,93.5,6.5
1006.5,8.5,92.5,6
1006.5,8,92.5,7
1006,8,92.5,7.5
1006,7.5,93,7
1005.5,7.5,93.5,7
1005,7,93.5,7
1005,7,93.5,7
1004.5,7.5,94.5,7
1004,7.5,95,6.5
1004,7.5,95.5,6.5
1003,7.5,95.5,6.5
1003,7.5,95,7
1002.5,7.5,95,7
1002,7.5,93.5,7
1001,7.5,92.5,7
1001,7.5,91,7
1000,6.5,90,8
1000,6.5,89,8
1000,6.5,88,8.5
999.5,6,86,8
998.5,6,86.5,9
997.5,5.5,86,8.5
996.5,5.5,84.5,8
995.5,5.5,85.5,8
995,5.5,86.5,8
994,5,85.5,8.5
993,4.5,86.5,8.5
992,4.5,87.5,8.5
991.5,4.5,88,9
990,4,88,9
989,4,89,9.5
988.5,4,90,9.5
987,4,90.5,9.5
986,5,88.5,11
984.5,5,85.5,11.5
984,5,85,10.5
982,5,83,10.5
982,6,81,10.5
981.5,6.5,80.5,9.5
982,6,84.5,9
982,6,84.5,8.5
982.5,5.5,85,8
983,5.5,84.5,7
984,5,88,6
984.5,5.5,86,7
984.5,6,81,7.5
984,5.5,82,8
983.5,5.5,83.5,9
983,5.5,81.5,9
982,5.5,81,8.5
981.5,5.5,80.5,8
981,5.5,82,7.5
979,5.5,83,7
978,5.5,82.5,6.5
976,5.5,83.5,7.5
974.5,6,83,8.5
973,5.5,83.5,9
971,5.5,85.5,10
969,5,86.5,10.5
967.5,5,83.5,10
966.5,5,85.5,9.5
966,4.5,88,9
965,4.5,90,8
964.5,4,90,6.5
964,4,90.5,6
964,4,91.5,6
964.5,4.5,91.5,5.5
964.5,5,92,6
965,5,90.5,6.5
964,6,87,6.5
964.5,6,84.5,5.5
964.5,5.5,85,4
964.5,5.5,86.5,3.5
965,5,89,5.5
966.5,4.5,92.5,11.5
968,4.5,95.5,10.5
969.5,4,96,9.5
970.5,4,97,10
972,4,96.5,9.5
973.5,3.5,92,10.5
975,3.5,88,9
976,3,87.5,8
976.5,3,88,8
978,3.5,87.5,8.5
978.5,3,86,6
979,2.5,85.5,6
980,2.5,85,5.5
980.5,2.5,83.5,6
981,2,84,6
981.5,2.5,83,6
982.5,2,83,6
983,2.5,81.5,6
983.5,3,77,6
983.5,3.5,75.5,6
984,3.5,75,7
984,4,72.5,7.5
985,4,73.5,6
985,3,75,6
986,3.5,76.5,6
987,2.5,78.5,5.5
987,2.5,79.5,5.5
988,2.5,80,5.5
988.5,2.5,81,5
989,2,82.5,4.5
989.5,2,83,5
990,1,85,4.5
990,0.5,89,4.5
989.5,0.5,90.5,5
989.5,0.5,91.5,4.5
989.5,0.5,91,5
989,1,91.5,5.5
988,0.5,92.5,5.5
987.5,1,93,6
987,1,92.5,7.5
985.5,2,91,7
984.5,2,90.5,8
983,2,90.5,8.5
981,2,90.5,9
979,2.5,92,10
978,3,92.5,10
977.5,2.5,93,8
978,3.5,93,7.5
978,4.5,91.5,7
979.5,4.5,87.5,8.5
980.5,4.5,85.5,8
982.5,5.5,84,7.5
983.5,5,83.5,7.5
984,5.5,82,7
985,5,79.5,7.5
985.5,4.5,79.5,6.5
985.5,4,82.5,5.5
984,4.5,83.5,5.5
983,4.5,84.5,6.5
981.5,4.5,86.5,7
980,4.5,90.5,6.5
978,5,93,8
977,6.5,94,9
977.5,8,93.5,10
978,9,93,10
979,9.5,92.5,8.5
979.5,11,88,10
980.5,11,83.5,11
981.5,11,81.5,10.5
982.5,11,81,10
983.5,11.5,81,9
984.5,11.5,82,8.5
985.5,11.5,84.5,8
986,11.5,87.5,8
986.5,11,89,8.5
987,10,91.5,7
987.5,10,91,6.5
988,9.5,93,6.5
987.5,9.5,94,5.5
987.5,10,94.5,5.5
987,10,95,6.5
986.5,10.5,93,9.5
986.5,11.5,90,10.5
986,11,88.5,12
986,11.5,88,12.5
986,11,87,10.5
985,11.5,86.5,11.5
985,11,86,10.5
984.5,11.5,88.5,10.5
984.5,11.5,86.5,11.5
984,11.5,87,10.5
983.5,11.5,84.5,11
983,11.5,82.5,10.5
982,11.5,82,10
982,11.5,82,9.5
981,11.5,81.5,8.5
980,11,82,10
980,10.5,84.5,10.5
980,10.5,84.5,10.5
980.5,9.5,85,9
981,9,84.5,8.5
981,8.5,82.5,9
981.5,8,78.5,11
981.5,8,78.5,10.5
982.5,8,76,12
983,7.5,77,10.5
984.5,7,75,10
984.5,7,76,9.5
985.5,6.5,77.5,8
985.5,6.5,78.5,7.5
986,6,81.5,8
986,5.5,84,8
985.5,5.5,84.5,8.5
985,6,84.5,8.5
984,6.5,82.5,8.5
982.5,6.5,83,8
980.5,6,84.5,6.5
979.5,6,87.5,6
978,4.5,89.5,4.5
977.5,4.5,91,4
978,4,92,5.5
978.5,5,93,3.5
980.5,5,93.5,5.5
982,6,91,7.5
983.5,5.5,87.5,7.5
985,6,88,7.5
986,6,86.5,8
986.5,6,85.5,9.5
988,6,87,8.5
989,6,89,8
990.5,6,86,7.5
991,6,82,8
991.5,6,80,7.5
992.5,5.5,81.5,7.5
993.5,5.5,81.5,7
994.5,5.5,82.5,6
994.5,5.5,82,4.5
995.5,6,82,4.5
995.5,5.5,83.5,4.5
994.5,5.5,83.5,5
994,6,81.5,6
993,6,82.5,6
992.5,6,86,6.5
991.5,6,86,6.5
989.5,5.5,89,7.5
988.5,6,91.5,8
987.5,6.5,92.5,9
987,7.5,92,9
985.5,7.5,91.5,7.5
984.5,8.5,93,7.5
982.5,9,93,8
979.5,9,92.5,10
977,9.5,92,11.5
975,10.5,92,12.5
973,10.5,91.5,12.5
972,10,89,12
972,9,82,12
972.5,8.5,81,11
973,8,75,10.5
974,8,71,13
975,7.5,69,13.5
976.5,7.5,72,12.5
978,8,69.5,12.5
979,8.5,66.5,13.5
980,8.5,68,12.5
981,8.5,66,12
982,8.5,69.5,10.5
983,8.5,69.5,11
983,8.5,69,10.5
984,8.5,69,9.5
984,8,72,9
984.5,8,73,10
984,8,75,9.5
984,8,76.5,10
984,7.5,77,10
984,7.5,78.5,9
984,7.5,79.5,8.5
984,7.5,80.5,7.5
983.5,7.5,82,6.5
983,7,83.5,6
982.5,7,86,5.5
982,6.5,89.5,4.5
981.5,7,90.5,5
980.5,6.5,92,3.5
980,6.5,94.5,3
978.5,7,95.5,3.5
977.5,8,96,5.5
976.5,8.5,96.5,6.5
975.5,10,96.5,8.5
975.5,11,95.5,10.5
975,11,91,11.5
975,11,83.5,11.5
975.5,10.5,78,11.5
976,10,75,11
977,9.5,71,10.5
979,8.5,70,9
979.5,8.5,72,9.5
979.5,7.5,73.5,9.5
980.5,8,74,8
980,8,76.5,7.5
979,7.5,78.5,7.5
978,7.5,83,7.5
978,7.5,87.5,8.5
978.5,7.5,89.5,6.5
978.5,8.5,86.5,8.5
979,8,82.5,6.5
979,7.5,83.5,6
979,7.5,83.5,6
980,7.5,83.5,5
979.5,7.5,85.5,5.5
979.5,7.5,85.5,5
979,8,86,6
979,8.5,84.5,6.5
979,8,84.5,6.5
979.5,8,84,6.5
979.5,7.5,84,7
980,7.5,84,7
980,7.5,83.5,7
981,7,83,7
982,6,83,6.5
982.5,5.5,84,5.5
983,5,84.5,5
984,4.5,87.5,5
984.5,4.5,89,4
984.5,4.5,90.5,4.5
984.5,4,92,4
985,4.5,93,3
985,4.5,93.5,2.5
986,4.5,94,2.5
986,4.5,94,1.5
986.5,4.5,93.5,1.5
987,4.5,93,2
988,4.5,93,1
988.5,5.5,93,1
989,5.5,93,1.5
990,6,93,1.5
990,6.5,93,2
990.5,6.5,92.5,3
991.5,6.5,92,3.5
991.5,6,92,4
992.5,6,92,5.5
993,6,92.5,6
994,6,92,6.5
995.5,5.5,90,7
996.5,5.5,87,7.5
997,5.5,86,7.5
997.5,4.5,87,8
998.5,4.5,87.5,7
999,4.5,88,8
999,4.5,88,8
1000,4.5,88.5,8
1000,4,88.5,9
1001,4,89,8
1001.5,4,88.5,8.5
1002,3,88.5,8.5
1003,3,88.5,9
1004,3,88,8.5
1004.5,2.5,87.5,8.5
1005,2.5,88.5,8.5
1004.5,3,87.5,8.5
1004.5,3.5,85,8
1004,3.5,82,8.5
1004,3.5,79,8
1004,3.5,78.5,8
1005,3.5,79.5,8.5
1005,3,80.5,8.5
1005,3,82,9
1005,2.5,83.5,8.5
1005,3,83,8
1005,3,84,8
1005,3,84,9
1005,2.5,84.5,8.5
1004.5,2.5,84,7.5
1004.5,2.5,84.5,6.5
1004.5,3,84.5,7.5
1004.5,3,85,8.5
1004.5,3,86,8
1004,3.5,86,7.5
1003.5,3,86.5,8
1003.5,3,86.5,8
1003.5,3.5,86,8
1003.5,3.5,85.5,7.5
1003,4,85,7.5
1003,4,84.5,8
1002,4,84,7.5
1001.5,4.5,84,7.5
1000.5,4.5,84,7.5
1000.5,4,84.5,5.5
1000,4,85.5,5.5
1000,4,86,5
999.5,4,86.5,6
999,4,85,6.5
998.5,3.5,85,5
998,3.5,86,6
997.5,3.5,86.5,5
996.5,3.5,87,5
995.5,3.5,88,5.5
994.5,3.5,88,4.5
994.5,3,89.5,3.5
993.5,3,90,4
993.5,2.5,90.5,3
993.5,2.5,92,3.5
993,3,90,4.5
992,3,90,4.5
991.5,3,91,4
991.5,3,92,3
991,3.5,92,3.5
991,4,91,4.5
990,5,89.5,4
990,6.5,88.5,4.5
990,6.5,87.5,5.5
990,6.5,86,4.5
990,6.5,86.5,5
990,6,87,5.5
990.5,6,87.5,4.5
990.5,6,88.5,3.5
990.5,6,92,3.5
990.5,5.5,95,2.5
990.5,6,95,3.5
990.5,6.5,92.5,4.5
990,6.5,92,4.5
989.5,6.5,92,4.5
989.5,6.5,92.5,4.5
989,6.5,92,4.5
989,7,92,5
989,6.5,91.5,4.5
989,7,91.5,5.5
989,6.5,89,5.5
989.5,6.5,88.5,6
990,6.5,89,6
990,6.5,89,6
989.5,7,88.5,6
989.5,7,89,5.5
989,7,89,5
989.5,7,89,4.5
989.5,7,89.5,4
990,7,89.5,4.5
990.5,7,90.5,4
991,6,91,4
991,6.5,92,3.5
991,6.5,92,3
992,6,92.5,2.5
992,5.5,93,2.5
992,5.5,94,2.5
992,5.5,94,3
992.5,5.5,94.5,2.5
992.5,5,94.5,2
993.5,4.5,95.5,1.5
994,4,96,1.5
994,4,96,2
995,3.5,96.5,2.5
996,3.5,97,2
997,4,97.5,1.5
997.5,4,97.5,1.5
998.5,4.5,97.5,1.5
998.5,5,98,1.5
999,5,98,1.5
999.5,5,98,2.5
1000.5,5,98.5,2
1001,5,98.5,2
1002,5,98.5,2.5
1002.5,5.5,98,2.5
1003,5,98,3
1004,5,98.5,3
1005,5,98.5,3.5
1005,5,99,3.5
1005,5,99,3.5
1006,5,99,3.5
1006,4.5,99,2.5
1006,5.5,99,2.5
1006.5,5.5,99,2
1006.5,5.5,99.5,2.5
1006.5,5.5,99.5,2.5
1007,5.5,99,2.5
1007.5,5,99,2.5
1007.5,5.5,99,2
1008,5.5,99,2
1008.5,5.5,99,2.5
1008.5,5.5,99,2
1008,6,99,2
1007.5,6,99,2
1007.5,5.5,98.5,2.5
1007.5,5.5,98,3
1007.5,5.5,97.5,2.5
1007.5,5,97,1.5
1007.5,5,97.5,2
1007.5,4.5,98,2
1008,4.5,98,2
1008,4.5,98.5,2
1008,4.5,99,2.5
1008,4,99,2
1007,4,99,2
1007,3,99.5,1.5
1007,3.5,99.5,2
1006.5,3,99.5,2.5
1006,2,99.5,1.5
1006,2.5,99.5,2.5
1005.5,2.5,99.5,3
1005,2.5,99.5,3
1005,2,99.5,3.5
1005.5,2.5,99.5,3.5
1005.5,3,98.5,4.5
1005.5,3,95,4.5
1005,3.5,91,5
1004,3.5,89,5.5
1003.5,4.5,87.5,6.5
1003,4,88,6.5
1003,4,87.5,4.5
1003,4,85.5,4.5
1002.5,4.5,83.5,5
1002.5,4.5,82,4
1002.5,4.5,80,5
1002.5,4.5,78.5,4
1002,3.5,80,3.5
1001.5,3,82,4
1001.5,3.5,82,5
1001,3.5,83,5
1000.5,3.5,84,4.5
1000.5,3,84.5,5
1000.5,2.5,85,5
1000.5,2,86,4.5
1000.5,2,87.5,5
1000.5,2,88,5.5
1000.5,2,88,5
1001,2,87,5
1001,2.5,85,4.5
1001,4,83,4
1000.5,4.5,80,4
1000.5,5,76.5,4.5
1000,5,76.5,3.5
1000,5,76.5,3.5
1000,4,79,3.5
1000.5,3.5,83,3
1000,3,84.5,2
1000,3,84,2.5
1000,3,85,3
1000,3,85,4
999.5,2.5,86.5,4
999.5,2.5,86.5,4
998.5,2.5,87.5,4.5
998.5,3,87.5,4.5
997.5,3,87,5
996,3,87.5,5.5
996,3,88.5,6.5
995,3.5,90.5,8
994,3,92,8.5
993,3.5,93,8
991.5,4,92.5,8.5
991,4.5,92,9
990,5,91.5,9.5
988,5,92,11
986,5.5,89.5,12.5
983.5,5.5,88,13
981.5,6,87.5,13
980,6,88,12
978,5.5,90.5,11.5
977.5,5.5,91.5,11
977,6,92,9
976.5,7,92,9.5
977,7,92.5,8.5
977,6.5,92,7
977.5,6.5,91,7
978,6.5,88,8
978,6.5,86.5,9
977.5,6,84.5,8.5
977.5,6.5,84.5,7.5
977,6,86,8
976,6.5,87.5,8
976,6,85,7.5
975.5,6,85.5,8
976,5.5,85,8.5
976,5.5,84.5,9.5
976.5,6,79,10.5
977.5,6,77,10
978.5,6,75,9
978.5,6.5,71.5,9.5
978.5,6.5,67.5,10
978,6.5,64.5,9.5
978.5,6,68.5,10
978.5,6,69,9.5
978.5,6,70.5,8
978,5.5,71.5,7
978,5,70.5,7
978,5,73.5,7.5
977,5.5,74,8.5
977,4.5,76.5,8
977,4,80,8.5
977,4.5,79.5,9.5
977,4,78,9
977.5,3.5,77,9
978,3.5,75.5,9
978.5,3.5,73,10.5
980,3.5,73.5,10
981,3,68,10
982,3,67.5,9.5
983,3,68.5,9
984.5,4,68.5,9
985.5,4,69,9.5
986.5,4,69,9.5
987,5,68,10
988,5,65,10
988.5,5.5,64,10
989,5.5,63,9.5
990.5,5.5,64.5,9.5
991,5.5,65.5,8.5
991.5,5,68,8
991.5,5,70,7
991,4.5,70,7.5
991,5,72.5,7
991,5,76.5,8
990,5,80,8
989,4.5,80.5,7
987.5,4,81.5,7.5
984.5,4,88,9
982,4.5,90.5,11
979.5,4.5,92,12
978,6,92.5,12.5
976.5,7.5,90.5,14
976,8,87.5,15
977,9,79,15
979,8.5,72,16
981,8,66.5,13
982.5,7.5,65.5,10
983.5,7,65,10.5
984,8,65,10
984.5,7.5,66.5,8
984.5,7.5,65.5,6.5
985,7,68,6
985,6.5,70,5.5
984.5,6,75.5,4
985,4.5,82,5
985,4,87,4.5
985,4.5,89,5.5
985.5,4.5,88.5,6.5
986,4.5,87,6
987,3.5,87.5,5.5
987,3.5,87,5
988,3.5,87.5,5
988.5,4.5,86.5,6.5
989,4,84,7
989.5,3.5,82.5,6.5
990,3.5,83.5,6.5
990.5,3,84.5,6
991,3,84.5,5
991.5,3,84.5,4.5
992,4,84,4.5
992,4.5,81.5,4.5
992,4.5,79,4.5
992,5,75.5,6
992,5,73,5.5
991.5,4.5,73.5,5
992,4.5,72,5.5
992,4,72.5,5.5
992,4,74,5
992,3.5,76.5,6.5
992,4,76.5,5.5
992.5,3.5,80,6.5
992.5,3.5,82.5,6
992.5,3,83.5,6
992.5,3,84.5,4.5
992,3.5,85.5,5.5
991.5,3,86,5.5
991.5,3.5,85.5,5.5
990.5,2.5,85.5,4.5
990,2.5,88,4.5
989,2,90.5,5.5
988,2,92,6
988,2,93.5,5.5
987,2.5,94.5,5.5
986,2.5,94,4.5
985,3,94.5,4
984,2.5,94,3.5
982,2.5,94,3.5
981.5,2.5,94,3
980.5,2,94.5,3
980.5,2.5,95,3
980.5,2,95,2.5
981.5,2,96,1.5
982.5,2,96,1
983.5,2,96,2
984.5,2.5,95.5,2
986,2.5,95.5,3
987,2.5,95.5,4.5
988.5,2,96,4
990,2.5,95.5,5
991.5,2.5,93.5,5.5
992.5,2.5,91,5
993.5,2.5,89.5,5
994.5,2.5,90,4.5
995,3,90.5,4
996,3,91,3.5
997,3,91,3
998,2.5,91,2.5
998.5,2.5,92,2.5
999,3,92.5,3.5
998.5,3,93.5,3.5
998.5,3.5,93.5,3.5
998,4,90.5,3.5
998,3.5,85.5,4
997.5,2.5,85.5,4.5
996.5,2.5,87.5,5.5
995.5,2.5,88,7.5
994,2.5,90.5,7.5
993.5,2,92,8
992,2.5,91.5,8.5
991,2.5,92.5,8
990,3,94,6.5
989.5,3,95,4.5
989,3.5,96.5,4.5
988.5,5,97.5,5
989,6,97.5,5
989,6.5,98,5
989,7,98,5
989,7.5,98,5
989,8,98,4.5
989.5,8,98,4.5
990,8,98,4
990.5,8,97.5,4.5
991,8,97,3
991,8.5,97,3
991.5,8.5,96,3.5
992,8.5,94,4
993.5,8,87.5,4
994.5,7.5,86.5,4
996,7,86,5
997,7,86.5,4.5
998.5,7,85.5,4.5
999.5,6.5,86,5
1000.5,6,86.5,4
1000.5,6,87,4.5
1001.5,5.5,88.5,4.5
1002.5,5.5,89,4.5
1002.5,5.5,89.5,3.5
1003,5.5,89.5,3
1003,5,90,4
1002.5,6,89,3.5
1003,6,87,4
1003,6,86.5,5
1003,6,85.5,5
1003,6,85,6
1003,6.5,88,6.5
1003,7,87.5,7
1003,8,84,7.5
1002.5,8.5,80,8
1002,8.5,80.5,8.5
1001.5,8.5,81.5,8.5
1001,9,84.5,8.5
1001,8.5,86.5,9
1001,8.5,88.5,8.5
1001,8,90,8
1001,8.5,93,9
1001,9,94,8
1001,9.5,94.5,7.5
1001,9.5,93.5,7.5
1001.5,10,93.5,7.5
1001.5,10,93.5,8
1000.5,10,93.5,7.5
1000.5,10,93.5,7
1000.5,10,93.5,6.5
1000,10,94,7.5
999,10.5,94,8
998.5,11,94,8
998.5,10.5,94,8
997.5,11,92.5,9
997,11,91,9
1009,12,90,12
996.5,6.5,88.5,11.5
995,6.5,86.5,11.5
994.5,11.5,84,12
994,11,83.5,11.5
993,11.5,81,12
992.5,11.5,79,12
992.5,11,78.5,11
992,11,76.5,11.5
992,11,77.5,10.5
993.5,9,81.5,8
993.5,9,84,8
993,9,84.5,8.5
993,9,85.5,9
993.5,8.5,87.5,9
993.5,8.5,89,8
993.5,8,90,6.5
994,7,91.5,6.5
994,7,93,5.5
994,7,93.5,5.5
994,7,93,5.5
994,6.5,93.5,5.5
994,7.5,92.5,5.5
994.5,7.5,92,5.5
994.5,7.5,91.5,5
994.5,7.5,44.5,5
994,4.5,44,3.5
993.5,8,87.5,5.5
993.5,7.5,88,4.5
993.5,7,88.5,4.5
993.5,7,89.5,4
993.5,7,90.5,3.5
993.5,7,90.5,3.5
993.5,6.5,90.5,4.5
994,6,91,4.5
994,6,91.5,3.5
994.5,6,92,3.5
994.5,6,92,4
995,5.5,92,3.5
995,5.5,92.5,3.5
995,5.5,92.5,3.5
995,5,92.5,3.5
995.5,5,93.5,3.5
996,4.5,94,3
996,4.5,94.5,3.5
997,4.5,94.5,3.5
997.5,4,95,3
998,4.5,95,3
999,5,95.5,3
1000,6,95,3.5
1000.5,7,93.5,3
1000.5,7.5,87.5,2.5
1001.5,7.5,83.5,2.5
1002,8,84.5,2.5
1003,7,84.5,3
1004,6.5,86,3
1005,6,86,2.5
1005.5,6,86,2.5
1006.5,6,87,1.5
1007.5,5.5,89,3
1008,5,89.5,1.5
1008.5,5,88.5,2
1009,5,87.5,1
1009,5,87,1.5
1009,5.5,86.5,1.5
1010,5,88.5,2
1010,4.5,90,2
1011,4.5,89.5,2
1011.5,4,92,3
1011.5,4,93,3.5
1012.5,4,93,3.5
1012.5,4,93,4
1012.5,4,91.5,5
1012,4.5,89,5.5
1012.5,5.5,85.5,5.5
1012,6.5,80,6.5
1011.5,6.5,79,7
1011,6.5,78.5,7.5
1011,6,80,7.5
1010.5,5,82.5,8
1010.5,5,84.5,8.5
1010.5,4.5,86.5,9
1009.5,4.5,88,9.5
1010,5,87.5,9.5
1010.5,5,88,9.5
1010.5,5,90,8.5
1010.5,5,92,8.5
1010.5,5.5,94,7.5
1011,6,95.5,7
1011,6.5,96,7.5
1011,6,97,7.5
1011.5,6.5,97.5,7.5
1012,6.5,97.5,7.5
1012.5,6.5,97.5,6.5
1013,7,97.5,6.5
1013.5,7,97.5,6
1014,7,97.5,6
1014.5,8,97,6.5
1014.5,8.5,95.5,7.5
1014.5,8,94,8
1014,9,92.5,8
1014,9,91.5,8.5
1014,9,91.5,7.5
1014.5,9,92,7
1014,9.5,92,7.5
1014,9,91.5,6.5
1014.5,9,92,8
1014.5,9,92,8
1014,9,92,8
1013.5,9,92.5,7
1013,9,92.5,7.5
1013,9,92.5,7.5
1013,9,91.5,8
1012,8.5,91.5,8.5
1012,9,90.5,9
1011.5,9,88.5,9.5
1011.5,9,86.5,9.5
1011,9,85,9
1011,9,83.5,9.5
1011,9,83.5,8
1010.5,9,83,8.5
1010,9,82,9.5
1009.5,9,80,10
1009,9,78.5,10.5
1008,9,78.5,9.5
1007.5,9,80,10.5
1007.5,9,82.5,10.5
1007.5,9,84.5,10
1008.5,8.5,85,6.5
1009,8,89.5,6
1010,7.5,92.5,5.5
1010.5,7.5,92.5,5
1011,7.5,91.5,5
1012,7,89,4.5
1012,6,87,4
1013,6,86.5,3
1013,5.5,87,2.5
1012.5,5.5,88,2
1012,5.5,89,1.5
1012,4.5,89.5,2
1012,4,90,2
1012.5,4,90.5,1.5
1012.5,3,92,2
1012.5,3,93.5,2
1012.5,4,94,3
1012,5,93,2.5
1011.5,6.5,90.5,3
1010.5,7,84,3
1009.5,7.5,75.5,2
1009,7.5,73.5,2
1008,7,76,1.5
1007,7,77,2
1006,6.5,78.5,2.5
1005,6,81.5,2.5
1005,6,84.5,3.5
1003.5,6.5,87.5,5
1003,6.5,90.5,5
1002,7,92.5,5.5
1000.5,7.5,93.5,6.5
999.5,8,94,7.5
998,8.5,94.5,8
997,8.5,95,8.5
995.5,8.5,95,8.5
995,8.5,95,8.5
994,8.5,94.5,8.5
993,8,93.5,9
992,8,91.5,9
991,8,89,9
990.5,8,88,9
990,7.5,89,10
988.5,7.5,88.5,10
987.5,8,87,9
986,7,88.5,9.5
985.5,6.5,88.5,6.5
985.5,6,87.5,7
985,5.5,83.5,8
984.5,6,77,7.5
984,5.5,79,6.5
984,5.5,81.5,6.5
984,5,78.5,7
984,4,79,5.5
984,4,80,5.5
984,4,81,6
983.5,3.5,82.5,5.5
983.5,3.5,82.5,6
983,3.5,82.5,6.5
982,2.5,83,5
982,2,85.5,5
982,2,88,7
982,2,90,6.5
982,2,91.5,5.5
982,2.5,92,6
982.5,3.5,89,7.5
983,3.5,86,6.5
983.5,4,84,6
983.5,4.5,82.5,6
983.5,4,82.5,7
984,4.5,81,6
984,4,78.5,5.5
984,3.5,79,5
985,3.5,79,5.5
985,3,83,4.5
985.5,3,87,4.5
985.5,3,90,5
986,2,91.5,5
985.5,3,92.5,6
986,3.5,91.5,7.5
985.5,3.5,88,7.5
985.5,3.5,84.5,7
985.5,3.5,84.5,7
986,3,87,7
986,3,92,7.5
986,3.5,93,8.5
986,4,92,7.5
986.5,4,92,8
986.5,3.5,91.5,9
986.5,3.5,92.5,8.5
987.5,4,93.5,8.5
987,4,92,7.5
1009,6,83,7
1008,4,87,3
1004,5,88,3
1024,4,73,10
1014,1,73,7
1019,2,65,2
1019,1,70,4
972,2,98,2
973,2,98,2
972,7,91,3
971,7,92,2
1002,8,79,6
999,8,95,5
959,9,83,5
959,9,79,6
988,10,84,9
0,0,0,0
973,4,95,5
974,4,95,4
1009,6,93,3
989.5,11,58.5,7
1004,11,57,9
965,5,70,9
991,6,74,8
991,7,87,7
992,8,94,4
993,7,95,5
964,7,93,3
968,2,99,4
1004,0,86,13
965,0,82,5
1003,-1,70,14
968,-3,74,5
1005,-1,73,13
1006,-1,68,12
1007,0,60,10
970,-2,66,6
972,-2,67,6
991.5,-0.5,59.5,7.5
1017,2,62,10
982,-5,67,1
1020,4,91,9
987,6,36,8
993,-4,90,0
1030,2,90,2
994,4,54,3
1027,5,81,5
1024,4,85,5
1018,5,95,4
1015,6,96,4
977,2,100,2
971,5,80,5
967,3,86,3
966,4,86,4
967,9,56,4
966,12,47,3
968,6,71,4
986,4.5,76,2.5
976,9,57,3
982,6,76,3
982,8,45,1
983,6,64,2
983,4,75,1
982,1,87,2
977,6,82,5
972,6,94,5
972,6,95,4
966,7,92,5
967,5,84,8
970,3,87,4
971,3,89,4
972,4,92,4
1001,9,55,7
1002,7,73,5
970,6,63,7
985.5,6,77.5,4.5
1000,6,87,5
1000,6,89,5
999,5,90,5
964,11,48,7
993,12,63,8
992,12,54,8
993,8,80,7
994,7,85,5
964,6,91,4
994,7,87,5
964,4,91,3
979.5,4.5,86.5,4
982,9,64,5
966,11,50,3
999,7,79,1
1003,6,92,4
1004,6,91,4
1006,6,91,6
975,5,92,4
976,5,90,4
977,7,76,5
994.5,6.5,84.5,4
1012,6,77,2
979,5,81,1
1011,6,83,4
977,4,88,2
977,4,87,2
1003,8,82,7
998,13,54,9
996,12,62,8
996,10,87,8
968,9,88,4
996,10,87,7
996,14,69,10
996,9,90,4
983,9,88,7
998,9,92,7
968,8,84,5
967,10,84,6
996,12,77,9
967,10,88,7
966,12,59,9
996,9,73,7
996,10,77,7
968,8,84,7
980,5,86,5
1020,6,74,5
984,4,70,4
983,9,52,7
1009,14,48,8
1009,14,52,6
1008,11,62,6
975,20,40,5
973,21,38,2
972,24,28,2
973,17,50,2
1007,8,96,5
972,10,84,1
972,10,92,4
968,14,76,1
968,11,76,5
969,16,54,4
971,11,59,4
972,5,94,3
972,5,93,2
973,7,92,2
1006,11,93,3
1004,9,93,2
970,10,73,4
986.5,8.5,86.5,2.5
983.5,8,96.5,2.5
1001,9,97,4
1001,9,96,4
1000,9,96,4
1000,9,95,4
984,9,87,3
968,9,84,3
1001,10,95,4
1007,10,94,4
1007,10,93,5
1009,11,84,4
977,14,56,4
981,7,82,2
984,17,49,4
1017,11,86,3
983,14,58,2
983,13,73,3
1008,11,90,2
978,12,71,2
978,10,82,3
979,9,88,1
981,12,83,1
983,15,52,3
988,5,90,2
989,5,93,2
1022,12,70,6
991,19,41,3
994,10,67,3
1026,13,67,4
996,19,53,2
1027,19,51,3
994,24,33,4
993,14,54,3
992,12,61,4
992,21,41,4
1024,20,49,5
1006,20.5,47,2.5
991,14,62,4
991,14,65,4
990,25,40,1
989,25,38,2
988,25,41,3
1022,11,86,2
988,11,88,1
984,22,52,4
1016,14,77,4
1012,14,72,3
1009,19,61,5
1012,12,72,7
983,15,65,5
985,9,79,2
984,6,91,3
1016,12,88,7
1012,14,71,9
979,14,61,8
1012,11,73,9
1012,11,80,11
1012,11,78,8
984,9,68,6
984,11,58,6
1009,11,67,4
1007,13,61,5
1004,15,51,6
966,10,97,2
965,10,82,8
965,10,80,9
980,10,87,9
966,8,76,13
1004,7,89,11
976,3,93,5
977,4,93,5
977,4,92,5
1010,9,68,6
979,5,78,3
1014,16,69,4
1021,12,88,13
988,10,66,3
1023,10,78,7
988,6,87,3
988,6,82,3
987,13,52,2
988,7,85,3
988,5,96,2
988,9,87,3
1023,10,81,3
988,13,62,3
987,15,54,4
987,15,56,4
987,13,58,3
988,10,75,3
985,17,58,9
984,13,77,4
1019,13,91,4
1017,14,89,1
981,11,95,5
979,20,54,4
979,21,50,4
978,13,81,2
1010,15,78,4
1012,16,80,5
979,21,55,3
1016,14,86,8
982,13,97,2
1019,13,91,7
1019,14,94,6
1019,15,93,6
983,12,97,3
984,20,73,1
984,21,63,1
985,19,81,3
985,25,52,4
985,25,51,4
984,27,46,3
984,24,60,3
984,17,83,3
984,16,90,3
983,16,86,2
984,22,60,3
984,24,59,2
982,21,83,1
981,17,93,2
981,19,90,5
981,17,93,2
981,21,74,4
981,23,61,4
981,15,90,2
980,15,93,2
981,23,62,2
981,24,58,2
1018,15,94,3
1017,16,95,4
1017,18,80,5
1014,14,97,7
1013,15,89,6
1013,16,87,9
1013,16,90,7
1013,16,91,7
1015,14,95,5
1014,15,92,6
1014,15,94,5
979,23,71,3
979,17,80,2
979,15,91,2
1013,16,86,9
1012,16,84,8
1013,16,79,7
1013,16,81,9
979,14,96,4
1015,15,84,10
979,15,82,4
1017,15,83,6
983,14,72,2
1013,14,74,7
1012,17,72,8
1015,19,77,4
983,21,53,3
1015,17,69,2
1015,16,72,2
982,11,93,1
981,19,73,5
1017,16,92,6
1019,18,69,7
985,17,76,2
984,14,92,2
992,8,79,3
992,6,88,2
992,16,47,6
994,15,61,3
993,15,62,3
993,15,61,2
992,16,58,2
990,14,66,3
989,17,58,4
989,13,78,2
991,13,82,2
991,17,62,3
990,18,62,3
990,12,87,3
990,11,90,3
988,15,62,3
1020,18,82,10
985,18,56,3
985,20,62,4
985,22,57,5
1020,18,85,9
1019,18,84,9
982,16,74,3
982,15,79,3
981,16,79,4
995,24.5,54,7
1011,21,67,8
1012,20,48,6
981,25,34,5
1012,26,38,8
1012,26,39,8
1012,25,38,8
980,17,45,4
981,21,38,6
1014,20,69,10
1014,20,72,9
983,23,46,1
999.5,22.5,53.5,6
983,26,30,3
982,21,49,2
1015,18,85,8
1014,18,83,6
981,17,70,2
1014,17,87,6
1014,18,82,5
1014,19,79,6
1013,18,78,6
981,19,86,1
981,22,69,2
981,23,63,2
981,23,64,2
981,22,70,2
981,23,54,3
1017,18,74,3
987,24,48,3
1021,20,76,3
989,16,87,2
989,14,88,1
989,14,91,1
1022,19,80,2
990,22,56,3
990,24,45,4
1022,21,70,5
1023,20,69,5
990,13,79,1
1024,21,60,4
991,20,52,4
991,21,51,4
990,17,62,3
1023,19,81,4
1022,18,84,7
1019,17,83,12
1019,17,84,13
984,14,84,5
984,13,94,3
1018,17,87,8
1019,18,80,7
985,15,76,2
1002,15,84.5,3.5
1018,19,80,6
983,16,77,1
983,20,64,1
981,22,41,3
979,27,25,3
1017,20,70,6
983,19,50,3
1016,19,73,4
980,24,45,2
1012,20,71,4
978,15,72,1
979,17,66,1
1012,21,63,6
980,19,69,2
490.5,7.5,42.5,0.5
0,0,0,0
0,0,0,0
0,0,0,0
0,0,0,0
985,22,57,2
1014,20,74,2
1014,20,75,1
1014,23,67,2
1014,23,63,3
1013,23,73,3
1015,24,69,5
1013,22,80,3
980,22,62,2
979,21,60,3
980,25,50,3
977,32,28,3
977,33,26,4
975,33,25,3
975,26,40,2
1007,21,79,2
975,21,76,2
1008,21,56,11
1009,21,52,9
977,25,42,7
1010,21,44,9
1011,20,51,8
1009,19,62,7
980,22,41,7
994.5,22,46.5,8.5
979,26,36,8
982,23,55,4
982,24,49,6
982,28,40,6
981,29,37,5
1013,20,82,3
1013,19,87,4
982,17,77,1
984,27,40,6
985,23,50,1
1019,19,70,2
1021,22,59,4
988,15,87,1
989,24,50,3
989,20,67,2
988,17,81,1
1019,22,87,5
1021,23,80,7
1022,19,85,9
988,17,86,3
988,17,88,2
989,23,52,5
986,21,50,4
986,20,52,4
984,18,58,3
981,32,23,2
979,26,35,1
978,16,72,1
977,32,23,3
1004,22,78,5
1006,20,85,7
979,19,82,6
1013,22,56,7
981,20,57,1
980,16,78,3
976,20,83,5
976,20,85,6
975,22,68,10
987,13,86,4
1003,20,48.5,9
1017,20,52,12
988,20,38,6
1018,16,82,8
988,16,54,3
990,17,53,3
990,19,45,4
1021,19,56,2
988,17,49,2
987,12,70,2
1016,18,65,5
984,11,74,3
1012,23,50,9
976,19,51,3
975,20,48,3
975,15,88,2
973,15,93,3
1006,21,72,6
976,17,86,4
994,17,90,4
979,14,93,3
1013,19,84,5
986,14,95,2
987,20,69,3
1017,21,70,6
1017,18,76,5
1015,17,88,6
984,12,95,1
981,26,45,2
982,16,87,4
1017,19,70,4
1018,21,59,5
1019,21,55,5
1019,20,60,4
1020,15,85,5
1000,7,78,1
1025,15,72,8
1025,15,74,8
1025,15,78,7
1027,15,85,7
992,12,97,2
991,11,97,2
1017,12,79,4
1007,9,77,9
974,1,99,3
976,1,98,4
976,3,79,6
1013,6,70,9
961,6,94,9
978,9,73,4
978,10,72,5
977,9,78,3
990,9,74,5.5
1006,11,73,8
975,10,74,5
986,6,95,2
987,6,96,2
989,7,90,2
992,6,67,2
1028,7,79,4
1027,6,78,4
990,8,60,2
1017,7,75,5
976,8,87,3
1007,8,91,4
974,9,91,2
973,8,91,3
1001,18,61,6
973,12,71,3
973,12,71,3
973,12,68,3
973,11,67,4
973,9,81,5
973,13,59,8
976,10,89,5
981,10,83,6
982,9,86,6
987,9,80,3
987,10,73,3
985,9,68,3
1015,8,80,4
1011,8,87,5
1006,13,71,7
975,11,80,5
1002,12,81,9
969,12,74,8
998,12,88,9
997,12,85,9
998,11,88,8
998,11,88,8
970,10,88,6
997,12,86,9
1008,11,88,6
1012,12,84,6
990,10,80,7
994,8,85,2
1025,9,86,6
1025,8,88,5
992,11,69,3
1022,9,83,5
1021,8,89,6
1022,9,94,4
1026,6,100,5
983,1,93,3
980,10,65,4
992.5,5.5,94.5,3
977,6,96,2
1010,5,93,5
977,5,98,2
976,5,98,1
1009,5,96,6
974,4,95,4
973,4,95,4
1009,5,91,7
973,3,99,4
973,4,100,4
973,4,100,4
1008,5,92,6
1009,5,92,5
1010,6,94,5
975,5,100,3
1012,6,94,3
1013,6,94,3
1013,6,94,3
1014,6,94,3
998.5,4.5,96.5,2
984,4,99,1
985,4,98,2
1012,7,94,8
983,4,85,6
1013,8,93,10
1011,8,95,9
983,6,92,5
980,9,78,5
1007,10,87,9
979,7,84,4
1010,8,82,7
1011,8,89,7
1011,7,92,6
1010,8,90,7
1008,8,87,9
1002,10,91,10
968,10,94,6
998,12,93,8
999,13,91,7
999,12,88,10
970,12,88,8
970,12,88,7
970,12,86,7
970,11,88,4
968,10,94,4
972,10,91,8
1017,8,72,5
1019,8,72,4
988,6,80,1
988,7,76,2
1022,9,65,1
1023,8,75,2
988,6,90,2
987,9,80,3
985,8,85,5
984,8,85,4
980,8,87,5
980,8,94,4
1014,12,93,7
973,10,85,11
997,11,90,10
973,6,88,7
974,6,86,8
974,5,93,7
995,11,81,12
966,8,85,9
996,11,72,10
966,7,86,10
969,7,92,8
1015,9,69,10
983,5,85,4
983,4,86,4
1019,8,69,8
986,3,94,2
1020,8,70,9
987,3,96,3
988,2,96,3
993,-1,84,3
992,-1,73,2
991,3,69,1
991,-1,90,1
991,-2,92,2
994,1,80,2
998,0,100,3
998,5,99,3
998,5,98,3
1033,7,89,2
1000,4,100,3
999,5,99,3
999,7,99,3
999,7,99,2
1000,7,99,2
1000,7,99,2
1000,7,99,2
995,5,97,4
999,3,85,4
1000,2,75,4
1003,2,84,3
1003,1,86,2
1004,0,96,1
1004,2,87,3
1003,1,97,2
1001,0,96,3
998,4,98,4
998,4,97,4
998,3,98,5
998,2,99,5
1034,6,77,2
1000,2,97,3
998,4,100,4
997,4,100,3
996,5,99,4
1014,-1,93,6
1011,0,82,4
980,-1,69,2
1004,-4,84.5,1.5
987,-8,94,1
985,-3,79,1
984,-5,84,2
980,-5,83,3
979,-4,83,3
977,-5,84,4
1005,1,80,10
975,-5,88,5
1002,0,94,8
961,-2,90,3
962,0,78,3
974,-4,84,2
1013,0,99,4
1012,2,100,6
1010,7,97,7
978,2,100,4
977,3,100,5
976,4,100,5
968,5,92,8
984,7,88,9
958,2,93,5
960,0,98,8
1002,5,83,11
970,1,96,3
1007,4,76,4
990,0,89.5,4.5
998,4,67,6
993,2,78,6
960,0,75,5
956,0,77,4
973.5,0,85,3
955,-1,92,3
992,0,96,2
992,1,97,5
978.5,-0.5,86.5,2
995,1,90,3
994,-3,97,5
959,-1,72,4
955,-2,81,6
953,-1,82,8
952,-1,87,7
952,1,92,7
954,3,93,4
955,4,85,4
955,3,96,2
956,2,97,3
991,4,94,8
957,2,98,3
959,1,99,2
999,4,91,8
965,0,100,3
1010,4,90,10
992,-2,97,3
992,-1,97,3
1020,3,78,11
1019,3,92,10
1025,7,89,5
992,1,87,3
991,2,70,4
987,5,85,4
983,6,81,5
1006,9,71,11
980,4,88,5
971,7,76,10
969,6,89,9
973,6,75,8
975,8,69,9
976,7,79,7
973,7,81,7
959,8,89,11
959,6,89,8
966,4,88,9
973,2,92,7
1020,7,83,5
987,4,88,4
994,3,87,3
995,2,90,3
996,2,94,2
997,1,95,2
998,0,99,3
1000,1,100,3
1001,-2,96,2
1000,7,63,1
1000,7,65,1
1000,0,74,3
998,10,48,3
998,8,45,3
997,6,42,2
1029,4,75,4
993,8,47,2
992,8,48,2
991,15,35,3
990,7,62,2
988,5,70,1
1016,12,53,7
986,10,47,4
985,5,57,2
985,5,59,2
982,10,51,5
983,7,65,3
983,7,65,2
983,6,80,2
985,5,96,3
986,8,55,3
1019,8,79,5
1019,5,86,5
987,1,94,2
990,7,87,5
990,7,69,3
990,6,73,2
1026,11,76,8
994,11,65,2
996,9,76,2
1033,6,99,3
1001,12,76,3
1001,5,84,5
1035,8,97,5
1000,3,42,4
1000,3,37,4
1000,3,39,5
1000,4,35,4
1001,15,20,2
1001,14,21,2
1001,10,35,4
1002,7,44,4
1001,7,34,4
1001,14,40,3
999,5,64,1
1000,9,62,2
997,15,34,3
996,11,47,3
994,10,47,1
1026,7,80,4
991,19,32,2
988,16,29,3
988,13,39,2
984,4,83,2
984,5,83,3
984,9,75,4
986,8,82,8
984,10,76,5
981,7,92,5
979,7,96,5
981,5,98,5
982,5,98,4
984,5,98,2
985,5,98,1
984,5,98,3
980,8,93,5
980,7,82,6
1006,10,81,11
1004,10,94,10
976,9,91,8
970,10,83,11
966,11,71,10
986,11,72,13
960,10,75,13
988,6,88,8
992,8,78,12
964,6,87,7
997,9,70,10
998,7,81,8
970,5,78,9
1000,6,88,10
1003,6,90,8
1005,10,69,8
974,7,86,5
1002,10,85,8
1000,9,83,8
970,7,68,6
994,9,80,11
991,10,81,10
990,11,79,10
960,9,90,5
987,10,87,8
987,8,88,10
990,8,81,11
968,5,86,6
970,6,80,9
972,6,79,8
973,5,82,8
975,5,88,7
979,4,95,4
996,7,80.5,4
997,7.5,76,4.5
997,7.5,78.5,5
997,8,75.5,5.5
996.5,8.5,71.5,6
996.5,7.5,79,5
996.5,7.5,80,5
996.5,8,76,5
996,8,74,5.5
996,8,76.5,5
995.5,7.5,78.5,7.5
994.5,7.5,77.5,8
994,7.5,77.5,8.5
993,7.5,78.5,9.5
993,7.5,82,10
992.5,7,86.5,9
993,7.5,90,9
992.5,7.5,91,9.5
993.5,7.5,92,7.5
993.5,8,93,7.5
994.5,8.5,91.5,8.5
994.5,8.5,89,7.5
995,8.5,87,7
995.5,8.5,85,7
995,9,83,9
995,9.5,79.5,9.5
994.5,9.5,77,10
994,10.5,72.5,12
994,10.5,72,13
994.5,10.5,72.5,12.5
995.5,10.5,72.5,10.5
996,10,67,7.5
997.5,9.5,67.5,7.5
998.5,9.5,68,7.5
998.5,9.5,66.5,7.5
999.5,8.5,69,7
998.5,8.5,72.5,6.5
998.5,8.5,73,7
997.5,8.5,75,4.5
996,7.5,78.5,3
994.5,7,82,3
992,6.5,87,3
989.5,6,91,3.5
987.5,6.5,93,4
986,7.5,94,6
985.5,9,94,7.5
984.5,10,91,12
984.5,11,85.5,12
984,11,76.5,13
984.5,11,72,15
986,10.5,65.5,18.5
988.5,9.5,65,18
991,9,63,14.5
992,8.5,62.5,12
993.5,8,60.5,12
994.5,7.5,64.5,11.5
996,6,73,10.5
997,6.5,60.5,11.5
997.5,6.5,60,10
997.5,6,60.5,9.5
998.5,5,65,9
998.5,4.5,71.5,8.5
998,4.5,78,11
998,5,72,11.5
998,4.5,70.5,11
998,3.5,76,10
998,3.5,74.5,10.5
998,3.5,75.5,9.5
999,3.5,75,8.5
999.5,3.5,73.5,8
1000.5,4,71.5,8
1001,4.5,69,8.5
1002,5,66.5,8.5
1003,5.5,65,8.5
1004,6,64,8.5
1005,7,61.5,7.5
1005,7,59,7
1006,7,59,7.5
1006.5,7.5,58,7
1007,7,60,6.5
1007.5,6.5,61.5,6.5
1008,5.5,66,5
1008,5,71,3.5
1008,5,73,4
1008,3.5,76.5,4
1007.5,3,78.5,4
1007,3,81,4
1006.5,3.5,84,4
1006,4,85.5,4.5
1005,4,86.5,6
1003.5,4.5,82.5,6.5
1002,5,76.5,7
1001.5,5,75,8
1000.5,5,72.5,8.5
998.5,5,69,9
997.5,6,65.5,10.5
996,6.5,64.5,11
995,7,61.5,11.5
993,7.5,56.5,13
991,8.5,55,12.5
989,8.5,54,12.5
987,9,52.5,13.5
985,9,52.5,12.5
983.5,9,55,13
984,7.5,61,11.5
985,7.5,69,12
985.5,6.5,79.5,11.5
987,5.5,85.5,9.5
987.5,5.5,82.5,10
988,5.5,80.5,9.5
988.5,5.5,79.5,10.5
988.5,6,75,11
988,6,73.5,11.5
988,6,73.5,10.5
988,6,74,11.5
988,6,72.5,12.5
987.5,6,72.5,12
988,6,73.5,12
988,6,73.5,12.5
988,6,73,12
988.5,6,77,12
988.5,6,78.5,11.5
988.5,6.5,78.5,9.5
988.5,7,78.5,9
988.5,7.5,80.5,9.5
988.5,8,80,10
989,8,76,10
990,8,75,10
991,6.5,79,8.5
992,6.5,81,8.5
993,7,80,8
993.5,7,79.5,7
994,7,79.5,8
994,7,79.5,8
994.5,6.5,79,6.5
994.5,6.5,78.5,7
994.5,6.5,79,7.5
993.5,6.5,80,7.5
992.5,6.5,83,8
991.5,6.5,84,8
990,6.5,86.5,9
988.5,6,90,9
987,6,91,8
986,6.5,92,10
985,7,91.5,12
983.5,7,91,12.5
983,7.5,90.5,11.5
982.5,8.5,91,10
982.5,9,89.5,8.5
983,9,87,6.5
984,9.5,81,8
985.5,9.5,75.5,6.5
986.5,9,76.5,5.5
987.5,8,77,5.5
989.5,8,72.5,6
990,8,76,6
991,7.5,81,6
991,7.5,83,5.5
991,7.5,84.5,6
991.5,7.5,83,6.5
991,7.5,84,6.5
990,7.5,85.5,5.5
989,7,89,5
988,7.5,92,6.5
988,7.5,93.5,10
988,8.5,94.5,10
988,9,95,10.5
988.5,9.5,95,11.5
989,9.5,94.5,11
990,9.5,94,11
990,9.5,93.5,11
990,10.5,93,11.5
990,10.5,92.5,11
990.5,10.5,92.5,11
990,10,92.5,11
990,10,93,12
991,10,93.5,10.5
991.5,10,93.5,10
992.5,9.5,94,9
993,9.5,94.5,7.5
993.5,9,95,7.5
994,9,94.5,7
994,9,93.5,8
994.5,9,92,8
993.5,9,93,8.5
993,9,94,10
992.5,9,94.5,10.5
992.5,9,94,11
992.5,9,92.5,10
992.5,9.5,91,10
992.5,9.5,88,9.5
992,10,85.5,10
992,10,80,11
991,10,77.5,11
991,10,76.5,11
990,10,75,11
990,10,73,11
989,10,71,11.5
988,10,70.5,11.5
987,10,68.5,10
987,10,70.5,9
986,9.5,74,9.5
985.5,9.5,73,10.5
985,10,71.5,11
984.5,10,71.5,11
983.5,10,70.5,12
982.5,9.5,71.5,12
982.5,8.5,75,11
981.5,8.5,79,10
982,7.5,80.5,9.5
981.5,7.5,80.5,9.5
982,7.5,82,8.5
982.5,7,84.5,8
983.5,7,84.5,9
984.5,6.5,84,7
985,6.5,82,8
986,6.5,78.5,8.5
987,7,72.5,8.5
987.5,8,66,8.5
988,8,62,8.5
988,7,67,7.5
989,6.5,69.5,8
989.5,6.5,69,7
990,7,64.5,6.5
991,6,64,8
992,5,71.5,5
993,4,76,4
993.5,4.5,78.5,5
994,5,76,5.5
994,4,78.5,6
995,5,82,6
995,4.5,82.5,5.5
996,4,84.5,5
996.5,4,84.5,5.5
996.5,4,84.5,5
997.5,4,86,5
998.5,4.5,86.5,5
999,4.5,85.5,4.5
999.5,5,84.5,4
1000.5,5.5,85,3.5
1001.5,6.5,81.5,4
1002,6.5,74.5,3.5
1002,8,63.5,5
1002.5,8,55.5,5
1002.5,8.5,54,4
1003,8,57.5,5
1003,7,70.5,4
1004,7,73.5,3.5
1004,6,76.5,2.5
1005,5,79.5,2
1005,5,81.5,1.5
1006,4.5,84,2
1006,3.5,87.5,2.5
1006.5,3.5,89.5,1.5
1007,3,90.5,2
1007,2.5,92,2
1007,2.5,92,2
1007,1.5,93,2.5
1007.5,1,93,2
1008,1,93.5,2.5
1008.5,0.5,95,2.5
1008.5,1.5,95.5,2.5
1009.5,2,96,2
1009.5,3.5,95.5,2
1010.5,6,92.5,2.5
1010.5,8.5,73,3.5
1010.5,9,65.5,3.5
1011,10,63,3.5
1010.5,10,60,3.5
1010.5,10.5,58,3
1010.5,10,60.5,3
1010.5,9.5,64,2.5
1011.5,9,66,2.5
1011.5,8.5,68.5,2.5
1012.5,8.5,69,2
1012.5,8,68.5,2.5
1013,7.5,75,2.5
1013,6.5,80,3.5
1013.5,6,81,3.5
1013.5,5.5,85,3.5
1013.5,5.5,85.5,3
1013.5,5.5,87,3.5
1013.5,5,87.5,3
1013.5,5.5,87,3.5
1014,5.5,86.5,3
1014.5,5.5,87,3
1015,6.5,85.5,2.5
1015,7.5,83,3
1015.5,8.5,81,3.5
1016.5,10,77.5,3.5
1016,10.5,72,3.5
1016,10.5,71,4
1015.5,11,70.5,3.5
1015.5,10.5,70.5,2.5
1015.5,10.5,70.5,2
1015.5,10.5,72,2
1016,10,73.5,2
1016,10,75,2
1016,9.5,77,2.5
1016.5,8.5,80.5,2.5
1016.5,8,83.5,3
1016.5,7,84,2.5
1016.5,7,84,2.5
1016,6,87.5,2.5
1016,5.5,89.5,1.5
1016,5,90,2
1015.5,4.5,91.5,2.5
1016,5,92.5,2.5
1016,5,91,2.5
1016,5,92,2.5
1016.5,6.5,90,2.5
1017,8,81.5,2.5
1017,9.5,74.5,2
1016.5,10.5,69.5,2.5
1016.5,11,68,2.5
1016,11.5,67.5,3
1015.5,12,66.5,2.5
1014.5,12.5,66,2.5
1014.5,12.5,66,3
1014.5,12,67,3
1014.5,11.5,69.5,2.5
1014.5,10,72.5,2.5
1014.5,9.5,74,2
1014.5,9.5,75.5,2.5
1014.5,9,78,1.5
1014.5,8.5,77.5,1.5
1014,8,76,2
1013.5,8,77.5,2.5
1013,7.5,78.5,3
1013,7,81,2.5
1012.5,6.5,82.5,2.5
1012,6.5,82,3
1012,6.5,83.5,3
1012,6,83.5,2.5
1012.5,6,89.5,1.5
1012.5,7.5,83.5,1.5
1012.5,9.5,76,2
1012,12,69.5,1.5
1011,13,66,3
1011,13.5,63,3.5
1010,14,59,3.5
1010,14,56.5,3.5
1009,13,57,4
1009,12.5,61.5,4
1009.5,11.5,63.5,4.5
1010,10,65,4
1010,10,66,3.5
1010,10,67.5,3.5
1010,9,71.5,3
1010,8.5,73.5,2.5
1010,7.5,77,2.5
1010,7,79,2
1010,7,78.5,1.5
1010,6,80,2
1010.5,5.5,84.5,2
1011,5.5,87,2
1011,6,89.5,2
1011.5,6,91,2
1012,6.5,92.5,1.5
1012,7.5,93,2
1013,7.5,93,1.5
1013,8,91,2
1012.5,8.5,84,3.5
1012.5,9,78.5,5
1012.5,9,74.5,5
1013,9.5,72.5,5.5
1013,9.5,73.5,6
1013,9,74,5.5
1013,8.5,78,5.5
1013,8,81.5,5
1013,7.5,81.5,5.5
1013,7.5,83,5
1012.5,7,84,5
1012,7,84.5,4.5
1012,7,86.5,4.5
1011.5,6,86.5,4
1011.5,6,86.5,4.5
1011,6.5,87.5,5
1011,6.5,89.5,5
1010.5,6,90,4
1010.5,6,91.5,3.5
1010,6,92,3.5
1011,6.5,91.5,3
1010.5,6.5,91,2.5
1011,7.5,90,2
1011,7.5,88,3.5
1011,8.5,83.5,4
1010.5,9,75,3.5
1010,9.5,67,3.5
1009.5,9.5,63.5,4
1009,10,59.5,4
1008.5,9,57.5,3.5
1008.5,8,57.5,3.5
1008.5,7.5,59.5,2
1008.5,7,62,2.5
1008.5,6.5,62.5,3.5
1008,6.5,68,3.5
1008,6,71,3
1007.5,5.5,70,4.5
1007,5,72.5,5
1006,5,76,5.5
1006,4.5,76.5,7
1006,5,75.5,7.5
1006,4.5,76,7
1005.5,4,78.5,7
1006.5,5,80,8
1007,6,80.5,8.5
1007.5,6.5,75,9
1008,7,70,9.5
1009,7.5,69,10.5
1009,7.5,69,10
1009.5,8,67,10
1009.5,8.5,66,10.5
1009.5,8.5,64,10.5
1009.5,8,69,10
1010.5,8,70.5,9
1010.5,7,71.5,8.5
1011.5,7,73,8
1012,7,71,8.5
1012.5,6.5,73.5,8
1013,6.5,74.5,7.5
1013.5,6.5,75.5,7
1014,6.5,74.5,7
1014,6,74.5,6
1014,6,74,5
1014,6,74.5,4.5
1014,5.5,71.5,4.5
1014,5.5,69.5,4.5
1014,5.5,71,3.5
1014.5,5.5,75.5,3.5
1014.5,6.5,77.5,4.5
1015,6.5,72,4.5
1015,7.5,68,4
1015.5,7.5,66,3.5
1014.5,8.5,64.5,4
1014.5,8.5,62.5,4.5
1014,8.5,62.5,4
1013.5,8.5,64,4
1013.5,8,65,4
1013.5,8,65.5,3
1013.5,8,67,3
1013.5,7.5,69,2.5
1014.5,7,69.5,2
1014.5,7,73,2
1014.5,7,74.5,2
1014.5,6.5,74.5,1.5
1014.5,6.5,75,2
1014.5,6.5,76.5,2
1014.5,6.5,77.5,1
1014.5,6,79.5,1
1014.5,6,81.5,1
1014.5,5.5,83.5,1
1014.5,5.5,86,1.5
1015,5.5,88.5,2
1015.5,5.5,89.5,1.5
1015.5,6.5,88.5,1
1016,8,80,1.5
1016,9.5,66.5,3
1016,10,62,2.5
1015.5,10,64,2.5
1015.5,10,63.5,3
1015.5,10,60,3
1015.5,9.5,63,3.5
1015.5,9.5,67,3.5
1016.5,8.5,71,4
1016.5,7.5,76,2.5
1016.5,7,79.5,2
1016.5,7,80,2
1017,6.5,81,2
1017,6,83.5,1.5
1017.5,6,85,1
1017,6,85.5,1.5
1016.5,6,86.5,1.5
1016.5,5.5,87,1.5
1016.5,5.5,87.5,1.5
1017,5.5,88,1
1017,5.5,89.5,1.5
1017.5,5.5,89,1
1017.5,7,87.5,1
1017.5,8.5,80,1
1018,10,75,2.5
1017.5,10.5,70,3.5
1017.5,10.5,68.5,3.5
1017.5,11,68.5,3.5
1017,11,69.5,3.5
1016.5,10.5,69.5,3.5
1016.5,10.5,69,2.5
1015.5,10.5,68.5,3.5
1015.5,10,72,3.5
1015.5,9,75,3.5
1016,8.5,78.5,4
1016,8,81,3
1016,8,82,3
1015.5,7,83.5,2
1015.5,6.5,86,3
1015,6.5,87,3
1015,5.5,87.5,2.5
1014.5,5.5,89.5,2
1014,5.5,90,2.5
1014,5.5,89,2.5
1014,5.5,89.5,2
1014,6,89.5,1.5
1014,7,89,2
1013.5,9.5,83.5,2
1013,12,74,4
1012.5,13,66.5,3.5
1011.5,14,62.5,4
1011,14,57.5,4
1010,14,57,5
1009,14,59,5
1009,13.5,59.5,5.5
1008,13,61,5
1008,12,64.5,4.5
1008,10.5,68,4
1007.5,10,71.5,4.5
1007.5,10,74,3.5
1007.5,9,77,3.5
1007,8.5,79.5,3.5
1006.5,8.5,78.5,3.5
1006,8.5,78,2.5
1005.5,8.5,77.5,2
1005,8.5,76,2
1005,8.5,76,1.5
1004,8,77.5,2
1004,8,79,2.5
1004.5,8.5,78,2
1005,10.5,74.5,2.5
1005,12,67,3.5
1005,13.5,60,3.5
1004.5,15,55.5,3
1004,15.5,53.5,4
1003.5,15,55.5,4
1003.5,15,56,4
1003,14.5,55.5,4
1002.5,14.5,56.5,3.5
1002.5,14,59,2.5
1002.5,13.5,57.5,2
1002.5,13,59,2
1003.5,12.5,60.5,2
1003.5,12,63,2
1003.5,10,66.5,2
1003.5,9.5,69,2.5
1003,9,71.5,3
1003,8,73.5,3.5
1003,8,72.5,3.5
1003,8,74,3.5
1003.5,7,78,4
1003.5,7,80.5,4
1004,6.5,82.5,4
1004,6.5,84.5,6.5
1004.5,8,81,6
1005,9.5,76,6.5
1005.5,11.5,70,5.5
1005.5,12.5,66,6.5
1005,13,64.5,6.5
1005,12.5,65.5,6.5
1005,12.5,65,7
1004.5,12,68,8
1004.5,11.5,68.5,9
1004,10.5,70,9
1004,10,71,9
1005,9.5,73.5,7.5
1005,9.5,74.5,6
1005,8.5,71,6
1005,8,71.5,6.5
1005,7,73.5,6.5
1005,7,74.5,7
1005,6,75.5,6.5
1004.5,5.5,77,6.5
1004,5,78.5,7.5
1004,4.5,78.5,7
1004,4,79.5,7
1004,3.5,80.5,7
1004,3.5,80.5,6.5
1003.5,5,79,6
1003.5,7,73.5,4.5
1003,9,67,5
1002.5,11,61.5,4.5
1001.5,12.5,58,4.5
1001.5,13.5,53.5,4.5
1000,14,51.5,4
999.5,14.5,52.5,4
999,14.5,52,4.5
998,14,53.5,4.5
997.5,14,53.5,4.5
997.5,13,54.5,4.5
997,12,57.5,4
997,11,60.5,3.5
996,10,64.5,4
995.5,9.5,65,4
994.5,9,65.5,4
994,9,65.5,4.5
993,9,66.5,4.5
992.5,9,68,4
991.5,9.5,68,4.5
990.5,9.5,66,3.5
990,10,66,3.5
990,10,67,4
989,10.5,66,5
989,10.5,71.5,4.5
988.5,10.5,76,5
988,11,79,5
987,10.5,80,5.5
986.5,11,77.5,6.5
985.5,11.5,75,6.5
985,12.5,66.5,6.5
984.5,12,68,7
985,8.5,78.5,7
985.5,7.5,87,5
985.5,8,87.5,4
985.5,8,85.5,5
985.5,6.5,84,5.5
986,5.5,87.5,4
985.5,5.5,89,4
985.5,5,90,4
985.5,5,90,3.5
984.5,5,89.5,4
984.5,4.5,89.5,4
984,4.5,89,3.5
983.5,4,89,3.5
983.5,4,89.5,4
983.5,4.5,90.5,4
983.5,5,90.5,5
983.5,5.5,87,5
983.5,5.5,78.5,6
983,6,73.5,6
983,7,69,6
982,7.5,66,5
982,7.5,65,5
981.5,6.5,68,4
981.5,6.5,69,4.5
982,5.5,77.5,3
981.5,5.5,76,3.5
982,5,79,3
982,4,82.5,3.5
982,4,84,3.5
982,4,85,3
982,3.5,86,4
982,4,87.5,3
981,4,88,3.5
981,3,88,2.5
980,3,89,2.5
980,3,90,3
980,2.5,91.5,3.5
980.5,2.5,92,3.5
981,2.5,92.5,3.5
981,3.5,93,2.5
981.5,4.5,90.5,3
981.5,6,83.5,2.5
981.5,7,72,3
982,8,64.5,3.5
982,8,60,4
982,8.5,60,4.5
982,8.5,58.5,4
983,8.5,60,3.5
983,9,60.5,3.5
984,8,59.5,3.5
984.5,8,65,3
985,7,65,2.5
985,6.5,68,3.5
986,5,77,3.5
986,4.5,80.5,3
986,3.5,82.5,3.5
986.5,4,84,4
987,3.5,84.5,4
987,3,85.5,3.5
987,2.5,86.5,3.5
987,2.5,87.5,3.5
987.5,2.5,89,4
987.5,2.5,89.5,3.5
988.5,4,88,3.5
988.5,7,80.5,3
988.5,9,64.5,4
988,10,58,4
987.5,10.5,53,4.5
987,11.5,51,4.5
987,11.5,52,4.5
986,11.5,51.5,5
986,11.5,54.5,5
986,10.5,61.5,5
986,10,64.5,4.5
986.5,9,70.5,5
987,9,73.5,4.5
987,8.5,76,4.5
987,8.5,77,5
987,8,80.5,3.5
987,7.5,81.5,3
986.5,7.5,81.5,4
986.5,7.5,83,3.5
986.5,7.5,84,3.5
986.5,7.5,84.5,3.5
986.5,7.5,85.5,3.5
986.5,7,86.5,3.5
987,7,86,4
987,8,83.5,3
987,8.5,80,3
987,9.5,76,4
987,10,73.5,4.5
987,10.5,70.5,4
986,11,69,4
986,11.5,67.5,4.5
986,11.5,67,5
986,11.5,67,5
986,11.5,68,5
986,11,71,4.5
986.5,11,72,4.5
987,10.5,73,4.5
987,10,74.5,3.5
987,9.5,77,3.5
987,9.5,79,3.5
986,8.5,82.5,4
986.5,8.5,84,3.5
986.5,8.5,86.5,2.5
986.5,8.5,87,2
986.5,7.5,89,2
986,8,89,2
987,8.5,89.5,2.5
987,9,89,2.5
987,10,84.5,2.5
987.5,11,81.5,2.5
987.5,12,79,2.5
987.5,13,77,3
987.5,13,75.5,3
987.5,13,75.5,3
987.5,13,77.5,3
987.5,13,79,3.5
987.5,12.5,80.5,5
988.5,11.5,80.5,5
988.5,11,83.5,5
989.5,10.5,86.5,4
990,10,88.5,4
990,10,90,4
990.5,9.5,90.5,3.5
990.5,9,91.5,2.5
990.5,9,92.5,2.5
990.5,8.5,94,3
990.5,9,94.5,3
991,8.5,95,3
991,8,95.5,3
991.5,8,96,3.5
991.5,8.5,96,2.5
992.5,8.5,96.5,2.5
992.5,8.5,96.5,3
992.5,9,96.5,3
992.5,9,96,2
993,10,95.5,3
993,10,94.5,3.5
993.5,10,93.5,2.5
993,10.5,90.5,2.5
993,11,85,2
993,11,83.5,2
993,10.5,86,2.5
993.5,10,87,2
993.5,9.5,89,2.5
994.5,9.5,90.5,2.5
994,9,92.5,2.5
994,9,93,1.5
994,9,94,2.5
994,8.5,94.5,2.5
993.5,8.5,95,2
994,8,95.5,2
993.5,8,96,2
993.5,8,96.5,2.5
993,8,96.5,2.5
993.5,8.5,97,2.5
993.5,9,97,2.5
993.5,9,97,3
993.5,9,96,3.5
994,9.5,95,3.5
993.5,10,93,3.5
993.5,10,89.5,3
993.5,11,86.5,3.5
993.5,11,83.5,3.5
993.5,11,85.5,3.5
993,10.5,85.5,4.5
993,10.5,87,5
993.5,10,87,5.5
993.5,10,87,5.5
993.5,9.5,87.5,5
994,10,86,5
994.5,10,81,5.5
994.5,10,80.5,5
994.5,9,82,5.5
995,8.5,83.5,6
994.5,8,83,6
994.5,7.5,82.5,6.5
995,7,83,6
995,7,83,6.5
995.5,6,84,7
995.5,6,83.5,7
996.5,6,83.5,7
996.5,6.5,82,6
997.5,8,76,7
997.5,9.5,67,7.5
997.5,9.5,65.5,8
997.5,9.5,67,8.5
998.5,9,65.5,9
998.5,9.5,62.5,9.5
998.5,9.5,59,10
998.5,9.5,57,9
999,9,57,8
999.5,8.5,60,6.5
1000.5,8,60,6.5
1001.5,7,59.5,7
1001.5,6,62,7
1001.5,5.5,64.5,6
1002.5,4.5,67,6.5
1002.5,4.5,68,6
1002.5,4,69.5,6
1002.5,4,70,6.5
1002.5,3.5,72,6.5
1003.5,2.5,73.5,5.5
1003.5,3,74,6.5
1004.5,3.5,74,5.5
1004.5,4.5,70,5.5
1004.5,6,63,5
1004.5,7.5,58,5.5
1004.5,8,55,6
1004.5,8.5,57,6.5
1004.5,8.5,56,7.5
511.5,4,32.5,5
511.5,4,31.5,5
511.5,4,31.5,5
511.5,4,31.5,5
511.5,4,32,4.5
511.5,4,33.5,5
512,4,35.5,5
512,4,36,5
512,4,36,4.5
512,4,35,4
512,3.5,33.5,3.5
512,3.5,33,3
512,3.5,33,2.5
512,3.5,33,2.5
512,3.5,31.5,2.5
512,3.5,29,2.5
512,3.5,31,2.5
1024,7,64,5
0,0,0,0
1025,7,57,5
1025,8,50,4
1025,8,48,4
1025,8,48,6
1025,8,57,7
1024,8,56,8
1024,8,57,8
1024,8,58,9
1024,8,61,9
1024,8,63,9
1024,7,64,9
1025,7,63,7
1025,7,62,6
1025,7,57,6
1025,6,60,7
1025,6,63,6
1025,5,62,7
1025,5,65,6
1025,5,67,6
1025,5,68,6
1026,5,69,6
1026,5,68,5
1026,5,66,5
1026,6,62,5
1026,6,62,5
1026,7,55,6
1026,7,55,6
1006.5,3.5,28.5,0
1006.5,3.5,30,3
1006.5,0,0,0
1005.5,6,57.5,6
1006,5.5,58,6.5
1005.5,5.5,60.5,7
1005.5,4.5,60.5,7.5
1006,4,64.5,5
1006,3.5,65.5,4.5
1006,3,67,4.5
1005.5,3,65.5,4
1005,2,70.5,4
1005,2,74.5,5
1005,1,77,4.5
1005,1,80,4
1005,1,82.5,4
1005,1.5,84,3.5
1005,1,86,2.5
1005,1,87.5,3
1005.5,1.5,89,3.5
1006,2,88.5,4
1006,2.5,86.5,4.5
1006.5,3.5,80.5,5
1006.5,4.5,75.5,4.5
1006.5,5,70,4.5
1007,6,70,4
1006,6.5,67.5,4
1006,7.5,63,4
1006,8.5,58.5,4
1006,8.5,56,3.5
1006.5,8,58.5,4.5
1006.5,7.5,62.5,5
1006.5,7,61,4
1007,6.5,59.5,5.5
1007.5,6,63,4.5
1007.5,5.5,66,5.5
1007.5,5,68.5,5.5
1007.5,4.5,71,5
1007.5,3.5,73,4.5
1007.5,3.5,75,3.5
1007,3,76,3.5
1006.5,2.5,80,4
1006.5,3,82.5,4.5
1006.5,4.5,80.5,4.5
1006.5,5.5,75,4.5
1006,7,70,4.5
1005.5,8.5,62.5,5
1005,10,58,4.5
1004,11.5,55.5,5.5
1003,12.5,52.5,6.5
1002,13.5,50,7
1001,14,48.5,7
1000,14.5,47,6.5
999.5,14.5,47.5,6.5
998.5,14.5,49,6
999,12.5,56,5
998.5,12,58.5,5
998.5,11,62.5,5
998.5,11,62.5,6
998,10.5,62,6.5
997.5,9.5,62.5,6.5
997.5,9.5,62,5.5
997.5,9.5,60.5,6
997.5,8.5,63.5,5.5
996.5,8,64.5,5
996.5,7.5,64.5,5.5
996.5,8,65.5,5
996.5,9,63,4.5
996.5,10.5,59.5,4.5
996.5,12,57,5
997,13,57.5,4.5
997,13.5,57,5
997,13.5,54,5.5
997.5,13.5,56.5,5
997.5,13,60,4.5
997.5,13.5,62,3.5
997.5,13,65.5,3
998,12,73.5,2
998.5,11,75,2.5
999,10,79,2
999,10,83,1.5
1000,11,83.5,2.5
1000,11,81.5,2.5
1000,10.5,81.5,2
1000,10,85,2
1000,9.5,88,2.5
1000.5,8.5,90,2
1001,8.5,91.5,2.5
1001,8.5,92.5,2
1001,8.5,94,1.5
1001.5,8,94,1.5
1002,9,94.5,2
1002.5,9,94.5,1.5
1003,10,93.5,2
1003.5,11,89.5,2
1003.5,11,83,2.5
1003.5,11.5,79,2.5
1003.5,12,77.5,2.5
1003.5,12,78,3
1003.5,12,77.5,3
1003.5,12,78.5,4
1003.5,12,79,2.5
1003,12,78,3
1003.5,11.5,79.5,3
1004,11.5,81.5,2.5
1004,11.5,80,3
1004,11,77.5,3.5
1004,11,78.5,4
1004,10,81.5,3.5
1004,10.5,80.5,3
1004,10.5,80.5,3.5
1004.5,9.5,79,4
1004,9.5,78,4.5
1004,9.5,75.5,5.5
1004.5,10,71.5,6
1005,11,67,5
1005.5,12.5,61.5,5.5
1005.5,14.5,56,5
1005.5,16.5,51.5,5
1005.5,17.5,47,5.5
1005,18,41,7
1005,19,37,7.5
1005,19,34.5,7
1005,19,35.5,6.5
1004.5,19.5,35.5,6
1004.5,17.5,42,5.5
1005,15.5,53,5.5
1005.5,14.5,56.5,4
1006,14,56,4
1006,14.5,52,4
1006.5,13.5,53,4.5
1007,13.5,53.5,5
1007,13.5,54,5
1007,12.5,56.5,4.5
1007,12,54.5,5
1007,12,55.5,4
1007,11.5,56,4.5
1008,10.5,59.5,4.5
1008,11.5,59.5,4.5
1009,12.5,56.5,5
1009,14,55,4
1009,16,51,4
1009,17.5,47,4
1009,19,43.5,4.5
1009,19,45,4
1009,19,43,4.5
1009,18,50,4.5
1008.5,18,50,5
1008.5,18,50.5,5.5
1008.5,17.5,54.5,5.5
1009,16,55,4.5
1009,15.5,55,5
1010,15,56.5,4.5
1010,15,57.5,3
1010,14.5,57.5,3
1010,13.5,61.5,3.5
1010,13,59.5,3.5
1010,12,63,3
1010,11.5,68.5,3
1010,11.5,64,4.5
1010,11.5,60.5,4.5
1010,11,65.5,3.5
1011,11.5,62.5,3.5
1011,12,66.5,2.5
1011,13.5,63,3
1011,15.5,61.5,3
1011,17.5,54.5,3
1010.5,17.5,53,3.5
1010.5,17.5,52.5,4.5
1009.5,17.5,51.5,5
1009.5,18,51.5,4.5
1008.5,18,52,4.5
1008.5,18,51.5,6
1008,17.5,48.5,6.5
1007.5,16.5,50.5,6
1007.5,16,54,5.5
1008,15,56.5,5
1008,14.5,58.5,4
1008,14,59,3.5
1007.5,14,59.5,4
1007,13.5,59.5,4.5
1006.5,13,60,4
1006,12.5,59,4
1006,12,57.5,4
1005,12,55.5,3.5
1005,11.5,54.5,4
1004,11.5,55.5,3
1004,12.5,56.5,3
1004,15,51.5,3
1004,16.5,49.5,3
1003,17,51,3
1002.5,17,52,4
1002,17.5,52,4.5
1001,17.5,51.5,5
1000,18.5,50.5,4.5
999.5,18.5,49,5
999,18,48,5
998,17,49,5
997.5,16.5,51,4.5
997.5,15.5,53,4
997.5,15.5,53,3.5
997.5,14.5,54.5,3
996.5,13,59,3.5
996.5,12,63,3
995.5,12.5,62,3.5
995,12,61,3.5
994.5,13,56.5,4
994,12.5,52.5,4.5
993,12,53.5,4.5
992.5,12,51.5,4
992,12,54,4
992,13.5,54.5,4
992,16,48.5,3
991,18,42.5,5.5
991,19.5,37.5,5.5
990,20,37,5
989,21,30.5,5.5
988,22,28.5,6
988,22,28.5,6
987,22,27.5,5
986.5,22,27,5
986,20.5,30,6
985,19.5,33.5,5
985,18.5,35,4.5
985,17,38,5
985,17,38,5
984.5,16.5,40.5,5
984,15.5,45,6
983.5,14.5,49,5.5
983,14,48.5,7
982.5,14,50,5
982.5,13.5,51,5
982,12.5,53,5
981.5,12,55,4.5
981.5,11.5,56.5,4.5
980.5,11.5,58,5
980.5,12.5,57.5,5.5
980.5,14,55,6
980.5,15,53.5,5.5
980,15.5,54,5
979.5,16.5,52,4.5
979,17.5,49,5
979,18.5,47.5,5
979,18.5,47.5,5.5
978.5,18,49.5,6
978.5,17.5,52,5.5
978.5,17.5,52.5,4.5
978.5,16.5,54.5,3
979,16,57,3.5
979,15.5,59,3
979,15,63.5,3.5
979,14,66.5,3.5
979,13.5,68,3
979,13,69,3.5
979,13,70,4
979,13.5,70.5,4
979,13.5,72,4.5
979.5,13.5,73.5,5
979.5,13.5,72.5,5.5
979.5,14.5,72,6
980,16,66,7
980,17,58.5,8
980,19,54.5,9.5
980,19.5,48,9.5
980,20,47,10
980,20,44.5,11
981,19,46.5,10
981,17.5,55.5,9
982.5,12.5,74.5,6.5
983,11.5,80.5,5
983.5,11.5,81,4.5
984,11,81.5,4
985,10.5,83.5,5
985,10.5,84.5,5
985.5,10.5,83.5,4.5
985,10.5,79.5,5.5
985,10,79.5,6
985,10,77.5,6
985,10,76.5,6.5
984.5,10,76.5,7
984.5,10,74.5,7.5
984.5,10.5,73.5,7
985,10.5,71.5,7.5
985.5,11,72.5,8
985.5,12,74,8
985.5,12.5,71,8.5
985.5,14.5,65.5,8.5
986.5,13.5,65.5,8
986.5,13.5,71.5,7
986.5,13,68,7
987,13,75.5,5
987.5,12.5,76,7
988,12,73,6
988.5,12,73,6.5
989,12,72.5,6
990,11,75.5,5
990.5,10,78.5,4
990,10,80,4
990.5,9.5,82,5
991.5,9.5,82.5,5
991.5,9,81.5,4.5
991.5,9,82,5.5
992.5,8.5,84,4.5
992.5,8.5,85.5,4.5
992.5,8.5,86.5,4
993,8,87,4
994,8,88,4
994.5,8.5,88,5
995.5,9.5,85.5,4
995.5,11,80,4.5
996,12,70.5,5
996,13,65.5,4.5
996,13,63,4
996,14,60.5,3.5
996,14,59,5
996,14.5,56.5,5.5
995.5,14.5,54.5,5.5
996,14,54.5,5.5
996,13.5,56.5,4.5
996.5,12.5,62.5,3.5
996.5,11,68,3.5
996.5,10.5,71.5,3.5
996.5,9.5,75.5,4.5
996.5,9,76.5,5
996,9,78.5,4.5
995.5,9,80,5
994.5,9,80.5,5
994.5,9,82.5,5.5
993.5,9,87,5.5
993.5,9,88.5,6.5
993.5,8.5,88,6.5
993,8.5,86,7.5
993,9.5,83,7.5
993.5,8.5,78.5,8
993.5,9,77,8
994,9.5,73.5,9.5
994,10.5,69,9.5
994,10.5,65,10
994.5,10.5,63.5,9
994.5,10,65,10
995,10.5,63.5,9.5
995.5,10.5,62.5,8.5
996,10,61.5,9
996.5,9.5,63,8
997,9.5,63.5,6.5
997,9,65,6.5
998,8.5,66,7.5
998,7.5,71.5,7.5
998,7,76,7
998,7,79,7
998,7,81,7.5
998.5,6.5,83,7
998,6,87.5,6
998,6,88.5,6
998.5,6.5,89,6
998.5,6.5,90,5
999,7,91,5
999,8,89.5,5
1000,8,88,5.5
1000,8,85.5,4.5
1000.5,8.5,84,5.5
1000.5,9,80,5.5
1001,10,75.5,4
1001,10,73,3.5
1001,10,71.5,2.5
1002,10,71.5,2
1002,10,72.5,2
1003,9.5,74.5,2
1003.5,8.5,77,1.5
1004,8,79.5,1.5
1004.5,7.5,82.5,1.5
1005,6.5,84.5,2
1005,6.5,86,2
1005,6,87,1.5
1005.5,5.5,89,1
1006,5.5,91,1
1006,5,93,1
1006,5,93.5,1
1007,5,94,1
1007,6.5,94,1
1008,8,93,1
1008,9,89.5,1.5
1008,10,85.5,2.5
1007.5,11.5,69.5,3
1007.5,12.5,65.5,3.5
1007,12.5,65,4
1006.5,12.5,65,5
1006.5,12.5,65.5,5.5
1006.5,12.5,65,5.5
1006.5,12.5,64,5.5
1006,12,66,5
1006,11.5,67.5,5
1006.5,11,71,5
1007,10.5,73.5,5.5
1007,9.5,76,4.5
1007,9.5,77.5,4.5
1006.5,9,82,4.5
1006,9,84,4
1006,9,83.5,4
1006,9,85,4
1005.5,9,83.5,4
1005.5,9,82,4
1005.5,9.5,82.5,4
1006,9.5,81,3.5
1006,10,78.5,4
1006.5,10.5,75.5,4.5
1006.5,11,76,5
1006,11.5,74,5
1006,12,72,5
1005,12,70.5,5.5
1005,12.5,70,5.5
1005,12.5,68,5
1004,13,66,5.5
1004,12.5,65,5
1003.5,12.5,65.5,5.5
1003.5,11.5,67,4
1003.5,10.5,75,5
1003.5,9.5,80,4.5
1003.5,9,82.5,4.5
1003.5,8.5,84,3.5
1002.5,8.5,85.5,3
1002.5,8,87,3
1001.5,7.5,87.5,2.5
1001.5,7.5,87.5,2
1001,7.5,89.5,2
1001,7.5,90.5,1.5
1001,7.5,91,1.5
1001,7.5,91,1
1001,8,89.5,2.5
1001,8,88.5,3.5
1001,9,87,2.5
1000.5,10.5,85,2
1000.5,12.5,76,2
999.5,13.5,66.5,2.5
999.5,14,64.5,3.5
998.5,14,64.5,3.5
998.5,14,66,3.5
998,13.5,67.5,3
998,12.5,69,2.5
998,11.5,72,2
998,10.5,75,2
998,9.5,78.5,2
997.5,9,80.5,3
997,9,82.5,2.5
997,8.5,85,2
996.5,8.5,85.5,2
996,8.5,87.5,2.5
995.5,7,89,1.5
995,6.5,91.5,2
995,6,93.5,2.5
995.5,7,95,2
995,8.5,95.5,2.5
995,9.5,95,2.5
995,10.5,94,3
994.5,11,84,3
994.5,11.5,78.5,4
994.5,12.5,77,3.5
994,12.5,80,4.5
994,11.5,88.5,4.5
993.5,11.5,87.5,4
993.5,11.5,86,4.5
993.5,11,85.5,3.5
993.5,10.5,86,3
994,10.5,87.5,4
994,10,89,3.5
995,9.5,89.5,3.5
995,9.5,90,4
995,8.5,89,4.5
995,8,89,3.5
995,8,88.5,3
995,8,88.5,3.5
995,8,89,4
995,8,89,4
996,8,89,3.5
996,8,88,4
997,8.5,85,3
997,8.5,83.5,3
997,9,81,2
997,9.5,71,1.5
997,10,66.5,2
996.5,11,66.5,2.5
996,10,67.5,2.5
996,10.5,66,3.5
995.5,10.5,64,3
995,10.5,65.5,3
995,10,66.5,2.5
995,10,69.5,2.5
994.5,9,73,2.5
994.5,9,75.5,3
994,8,83,5.5
994,8,88,6
993.5,7.5,89.5,6
993,7,90,5.5
993,7,89.5,5
992,7,88,7
992.5,5,84,8
992.5,4,83,7
993,4,83.5,6
993.5,4,83.5,6.5
993.5,4,84,5.5
993.5,5,83.5,7
994.5,5.5,83,6
994.5,6.5,82,7.5
995,7,76.5,7.5
995,7,73.5,8
995,6,77,8.5
996,7,75.5,9
996,6.5,76,9
996.5,7.5,72,8.5
996.5,7.5,66.5,10
997,7,70,9.5
998,6.5,69.5,9
999,6,75.5,8
1000,6,79,7
1000,5.5,79.5,7
1000.5,5.5,82,6.5
1001,5,83,7
1001.5,4.5,84.5,6
1001.5,4.5,84.5,6.5
1002,4.5,82.5,6.5
1002,4.5,83,6.5
1002.5,4,82.5,6
1003,4.5,84,7
1003.5,5.5,83.5,6.5
1003.5,6.5,82,7.5
1004,7,77,8
1004,7,73.5,7
1004,8.5,73,7
1004.5,8,68,7.5
1004.5,8,68,7
1004.5,8.5,65.5,6.5
1004.5,8.5,66,8
1005,7.5,69,6.5
1005,8,66,5.5
1005,7,72.5,5
1004.5,7,72,5
1005,7,72.5,4.5
1004.5,6.5,70.5,3
1005,5.5,72,3
1005,5.5,71.5,2.5
1005,5.5,71,2.5
1005,5,72.5,2.5
1004,4,79.5,3
1004,3.5,82.5,3.5
1004,3,84,3.5
1003.5,3,86.5,3.5
1004,3.5,88,4
1004,4.5,88.5,4
1004,5,87.5,4.5
1004,6.5,85,4.5
1004,8,74.5,4.5
1004,9,66,4.5
1003.5,10,59,5
1003.5,10.5,54,5.5
1003.5,10.5,53.5,5.5
1003,10.5,50,5.5
1003,10,48,4.5
1003,9.5,52.5,4.5
1002.5,9,58,4
1002.5,8.5,61.5,3.5
1003,8,65,3
1003.5,8,66.5,2
1002.5,7.5,70.5,1.5
1002.5,7,74.5,2
1002.5,6,77,3
1002,6,77.5,3
1001.5,5.5,79.5,3
1001.5,5.5,81,3
1001.5,5,83.5,3
1001,5,85.5,2
1001,5.5,87,2
1001,6,86.5,2.5
1001,7,83,2.5
1000.5,8,76.5,3.5
1000,9,68.5,3.5
1000,10.5,59.5,3.5
999,10.5,53,3.5
998,11.5,50.5,3.5
998,12,50.5,2.5
997,12,52,2.5
996.5,12,50.5,2
996,12,50.5,3
995,11.5,53,2.5
995,11,58,2.5
994.5,10.5,59,2.5
994,9.5,64.5,3
993,8.5,68,4
992.5,8.5,68,3.5
991.5,9,66.5,3.5
990.5,9.5,62,3.5
989.5,9.5,61.5,5
988.5,9,63,4.5
987,8.5,67.5,4
986,8.5,71,4
985,8.5,74.5,4.5
984,8.5,77.5,4.5
484,4,43.5,2.5
484,4.5,45,2.5
483.5,5,44.5,2
483,5.5,42.5,3
482.5,5,45,2
482,5,46.5,2
482,5.5,46.5,2.5
482,5.5,46.5,2
481.5,5.5,45.5,2.5
482,5.5,43.5,2.5
482,3.5,45,1.5
482,3.5,46,1.5
482.5,4,45.5,1.5
482.5,4,46,2.5
482.5,3.5,45,2.5
482.5,3.5,44.5,2.5
482.5,3.5,44.5,2.5
482,3.5,43.5,2
482,3.5,45,2
482,3.5,46,2.5
481.5,4,46,2.5
481,4,46,2.5
481,4,44,2.5
978,9.5,85.5,2
978,10.5,83,2
978.5,12,79,1.5
978.5,12,73.5,1
979.5,12.5,74,1.5
980.5,13,73.5,1.5
981,12.5,76,2
981.5,13,74,4
982,13.5,72,4
982.5,12,80.5,5.5
983.5,11.5,85.5,5
984,11.5,85,5.5
984.5,10.5,84.5,6
985,10.5,84,5.5
986,10,87.5,5
986.5,9,88,5
987,9,88,5
987.5,9,88,4.5
988,9,87,5
988.5,8.5,86,4
989,8,87,4
989.5,8,87.5,3.5
990,8,88,2
991,8,89.5,2
991.5,8.5,89,2.5
992,9,88.5,2.5
992,10.5,84,2.5
993,11.5,77,3.5
993,12.5,67.5,4.5
993,12.5,65,4.5
993,13,63,4
993.5,13,62.5,4
993.5,13,62,3.5
993.5,13,60.5,2.5
993,12.5,61,2
993.5,12.5,61,1.5
993,12,64.5,2
993.5,11.5,70,3
993.5,11,76.5,2.5
992.5,10.5,79,2
992.5,10,83,3
992,10,85.5,3
992,9.5,86,3.5
991.5,9.5,87,3.5
991.5,9.5,89,3.5
991.5,9.5,90.5,4
992,9.5,91,3.5
992.5,9,90,4.5
993.5,9,89.5,4.5
994.5,9.5,90,5
995,9.5,89.5,6
996,9.5,88.5,6.5
997.5,10,87.5,6.5
998.5,10.5,83.5,6.5
999.5,10.5,79,6.5
1000.5,11,72.5,6.5
1001.5,11.5,68.5,6.5
1002.5,11.5,64.5,7.5
1003.5,12,61,7.5
1004.5,11.5,61.5,7.5
1005.5,10.5,63,6.5
1006.5,9.5,69.5,6
1008,9,73,5.5
1008.5,8.5,74,5.5
1009,8.5,72.5,5
1010,7.5,73,5
1010,7,75.5,5
1011,7,77,5.5
1012,6.5,78,5
1012.5,6,79,4.5
1013.5,6,80,4.5
1014,7,79,4
1015,8,74,5.5
1015.5,9,65.5,6.5
1016,9.5,61.5,6.5
1016.5,10,62.5,6
1017,10.5,60,6
1017,10.5,59,6
1017,10.5,57,6
1017.5,11,55,6
1018,11,56,6.5
1018,11,55.5,6
1018.5,11,57.5,6
1018.5,11,58.5,6
1018.5,10.5,62,6
1019,9.5,65.5,5.5
1019,9,68,5
1019.5,8,72.5,5
1020,8,73.5,5
1020,7.5,75,4
1020,7,76,4
1020,6.5,78.5,4.5
1020,6,79.5,5
1020,6,81,4.5
1020.5,6,82,5
1020.5,6,81.5,5
1021,7,77.5,5
1021,8.5,69.5,4.5
1021,10,60.5,4.5
1021,11,55,4.5
1020.5,11.5,53,5
1020.5,12,53,6
1020.5,12,52,7
1019.5,12.5,53,7.5
1019.5,12.5,52.5,8
1019.5,12.5,52,7.5
1018.5,12,52,8
1018.5,11.5,54,7.5
1018,11,56.5,7
1018,10.5,58.5,6
1018,10,59.5,6
1018,9.5,61.5,5.5
1018,9,61,5.5
1018,9,60,5.5
1017.5,8.5,61,5
1017,7.5,65,5.5
1017,7.5,68,6
1016.5,6.5,71,6
1016.5,6,74.5,6.5
1016.5,6.5,73.5,6.5
1016.5,7.5,71.5,5.5
1016.5,9,64.5,5.5
1016,9.5,59,5
1015.5,10.5,55,5
1015.5,12,50.5,5.5
1014.5,12.5,55,6.5
1013.5,12.5,56.5,8
1013.5,13,56.5,8
1012.5,13,56.5,8
1012,13,57.5,8
1011.5,13,58,8
1011,12.5,59.5,8
1011,12,62,8
1010.5,11,66,7
1010.5,10.5,69,7
1010.5,10,71,5
1010.5,9.5,72,4.5
1010.5,9.5,70.5,4.5
1009.5,9,69.5,4.5
1009.5,8.5,69,5
1009.5,8,70,4
1009.5,7.5,72.5,4
1009.5,7,76,3.5
1009.5,7.5,73.5,3.5
1009.5,9,66.5,2.5
1009.5,11,60,2
1009,12,55,3.5
1008.5,13,54,3.5
1008,13,53,5
1007,13.5,53.5,5.5
1007,13.5,54.5,6
1006.5,13.5,54,6.5
1006,13.5,51,6.5
494,7.5,15,2.5
494,7,15.5,2.5
493.5,7,17,2.5
493.5,6,19,2
493.5,5.5,21,2
493.5,4.5,23.5,2
493.5,4,26,2
493.5,3.5,27,1.5
493,3.5,28.5,1.5
493,3,29.5,1.5
493,3,30,1
492.5,2.5,33,1
492.5,2.5,30.5,1.5
492.5,2.5,32,2
492.5,2.5,32.5,2
1002.5,9.5,62.5,4
1001.5,11,58.5,4
1001.5,12,52.5,4.5
1001,12.5,49.5,5
1000.5,13,54,5.5
999.5,13.5,54.5,6.5
999,13.5,56,7
998.5,13.5,55.5,7.5
997.5,14,54,7.5
996.5,14,56.5,7
996.5,13.5,58.5,7
995.5,13.5,62.5,6.5
995.5,13,68,6
995,12.5,72.5,5.5
995,11.5,77,5.5
994,11,77,2
994,10.5,76,1.5
993,10.5,78,1
992,10,79,1
991,10,77.5,1.5
991,10.5,77,1.5
991,9.5,78.5,1
990,9.5,82,2
990,9.5,84.5,1.5
990,9.5,85.5,1.5
990,9.5,85.5,1
486.5,4.5,44.5,1
989,11.5,78.5,3
989,12,75.5,3
989,12.5,70.5,2.5
989,14,68,3
989,13.5,67,3
989,13,70.5,3
988.5,13,74.5,4
988,12.5,78.5,4.5
988,12,81,4
988.5,12,82.5,4
988.5,12,84,3
988.5,11,85.5,2
988.5,11,87,2
988.5,11,88,2
988.5,11,89,2
988.5,10,89.5,1.5
988,10,90,1.5
987.5,10,90,0.5
987.5,9.5,90.5,1
987.5,9.5,90.5,1
988,10,90.5,1
988.5,11,90.5,1.5
988.5,13,87.5,1.5
988.5,14,77.5,2
988.5,14.5,70.5,2
988.5,15,68.5,2.5
988.5,15.5,67,2.5
988.5,15.5,64.5,3
988.5,16,65,3
988.5,15.5,66.5,4
988.5,15.5,68.5,4
988.5,15.5,67.5,4
989,14,73,4.5
989.5,12,81,5
989.5,12,84,4.5
990,12,83.5,4.5
990,12,85,4
989.5,12,85.5,4
989.5,12,87,3
989.5,12,88.5,2.5
989,12,90,2.5
989,12,91.5,2.5
989,12,91.5,2.5
989,11.5,92.5,3
989,11.5,93,4
989.5,11.5,93,4
989.5,11.5,93.5,4.5
989.5,12,93.5,4
989.5,12.5,94,4
989.5,12.5,94,4.5
989.5,13,94,5
989.5,13,93.5,5
989.5,13,93.5,5
989.5,13.5,93,5
989.5,13.5,90.5,4.5
989.5,13.5,90,5.5
989.5,13,90.5,6
989.5,12,89.5,5.5
990.5,12,90,4.5
990.5,11,91,4.5
990.5,11,92.5,4.5
990.5,11,93.5,4
990.5,11,94.5,5
990,11,95.5,5
990,11,95.5,5.5
990,10.5,95.5,5
990,10.5,96,5.5
990.5,10.5,96,5
991,10.5,96,5.5
991,10.5,96,5
991.5,11,96,5.5
992,11,96,5.5
992,11,96,5.5
992,11.5,95.5,5.5
993,11.5,95,5.5
993,11.5,93,5
993,12,91,4.5
993.5,12,90,5
993.5,11.5,89.5,5.5
993.5,11.5,89,5.5
994,11.5,89,5.5
994,11.5,90,5.5
994.5,10.5,90.5,5
995,10.5,91.5,4.5
995.5,10.5,92.5,4.5
995.5,10.5,93,5
995.5,10.5,93,5
995.5,10.5,93.5,5
995.5,10.5,93.5,5
995.5,10,94,5
995.5,9.5,94,5.5
996.5,9.5,94.5,5.5
996.5,9.5,94.5,5.5
997,9.5,94,5.5
997.5,10,93.5,5.5
997.5,10.5,92.5,5
998.5,11,90,4.5
998.5,12,83.5,4.5
998.5,13,78,5
999,14,73,5
999.5,15,67.5,5
999.5,14.5,66.5,5
999.5,14.5,67,5
1000,14,70,4.5
1000.5,12.5,73,4.5
1000.5,12,75.5,4
1001,11.5,78.5,2.5
1001,10.5,81.5,2
1001,10.5,83,1.5
1001.5,10,86,2
1001.5,9.5,88,1
1001.5,9.5,90,1
1001.5,9,91.5,1.5
1002,9,93,1
1002,8.5,94,1.5
1001.5,8.5,94.5,1.5
1002.5,8.5,95,1.5
1002.5,10,94.5,1.5
1002.5,11,88.5,2
1002.5,13.5,79,2.5
1002.5,14.5,69,4
1003,15,66,4
1003,15.5,61,3.5
1003,15.5,61,4
1003,16,59.5,2.5
1003,15.5,60.5,3
1002.5,15.5,61,2.5
1002.5,15.5,61.5,2
1002.5,15,62,2
1002,14.5,60,1.5
1002.5,14,64.5,1.5
1002,13.5,64.5,2.5
1002,13,66.5,3
1002,12.5,72,3.5
1002,11.5,72,3
1002,11.5,71.5,3.5
1001.5,10.5,73.5,3
1001,10,75,3.5
1001,10,77,2.5
1001,10,76,2
1001,10.5,75.5,2
1001,12.5,73.5,2
1001,15,67,2.5
1001,16.5,50,4
1001,17.5,45,4.5
1001,18,45,3.5
1000.5,18.5,43.5,3.5
1000,19,43.5,2.5
1000,18.5,50,2.5
999.5,18.5,49.5,3
999,18,50,2
999,18.5,50,2.5
999,18.5,47.5,1.5
999,17,52,1.5
999,17,52.5,2
999,16,55,2
999,15,63,2
491.5,6.5,33,1
491,6,35,1
998,13.5,66.5,3
998,13.5,64.5,3
998,12.5,69,3
998,11.5,72,2.5
998,11.5,74,2.5
998,11.5,77.5,2.5
998.5,13,77.5,0.5
998.5,14.5,72,0.5
998.5,16,66.5,0.5
998.5,17.5,60.5,1
998.5,18,56.5,3
999,18,53.5,3
999,18.5,51.5,3
998.5,18,55.5,3.5
998.5,17.5,58.5,3.5
998.5,18,57.5,3.5
998,16.5,60.5,3.5
998.5,16.5,61,3.5
998.5,15.5,63,3.5
999,15,64.5,3
999.5,14,63,2.5
999.5,13,64.5,1.5
999.5,12,67,1.5
999.5,11.5,67.5,1.5
999.5,11.5,69,1.5
999.5,11,72.5,1.5
999.5,10.5,74.5,1
999.5,10.5,76.5,1.5
999.5,10,75.5,1.5
999.5,10,80,1.5
1000,11,79.5,2.5
1000.5,12,74.5,2.5
1000.5,13.5,75.5,2
1000.5,14.5,71,2
1001,13.5,78,3
1001,13,83,2.5
1000.5,14.5,80,2.5
1000.5,16,70,3.5
1000.5,16,69,3.5
1000,16,66.5,3.5
1000,16,65.5,3.5
1000.5,15,70.5,3.5
1000.5,14.5,70,1.5
1000.5,14,73,1.5
1000.5,13.5,76.5,2
1000.5,13,80,2
1000,12,82.5,2.5
1000,11.5,85,3
999.5,10.5,86.5,3.5
999.5,10,89,3.5
998.5,9.5,90.5,4
998.5,9.5,92.5,3.5
998.5,9.5,93,3.5
998,11,93.5,3.5
998,13,92.5,3.5
998,15,84.5,5
998,16,72,6
997.5,17,64.5,6.5
997.5,17.5,64.5,7
997.5,18,64.5,7
996.5,17.5,66.5,6
996.5,17.5,66,6
996,18,64.5,6.5
995.5,17.5,65.5,6.5
995.5,17,65.5,7
994.5,16.5,69,6.5
994.5,15.5,71.5,6.5
994.5,14,80,5.5
994.5,13.5,85,5.5
994.5,13.5,87,4.5
994.5,13.5,88.5,6
994,13.5,90.5,5.5
994,13.5,91,5
993.5,13.5,90.5,3.5
993,13.5,89.5,3.5
993,12.5,87.5,3.5
993,12.5,85.5,3.5
993.5,13,83.5,4
993.5,13.5,81.5,3
993.5,13.5,81,3.5
993.5,14,80,3.5
994,14,77.5,3.5
994,15.5,72,4
993,16,67,4.5
993,17,62,5
992.5,16.5,63.5,4.5
992.5,16.5,62,4.5
992.5,17,60.5,3.5
992,16,60,4.5
991.5,15.5,64,5
991.5,15,67,4.5
991,14,71,5.5
991,14,70.5,4.5
991,13,73.5,4
990.5,11.5,78,4
990.5,11,82,4
990.5,11,83,3.5
989.5,10.5,86,5
989.5,11,86,3.5
989.5,10.5,85,2
989.5,10.5,86,2
990,11,86.5,2.5
990,11,85.5,3.5
990.5,11.5,84.5,4
990.5,12,81.5,4
991.5,12,80,5
992,12,83,5
992.5,12.5,81.5,4
993,13.5,77,5
993.5,13,74,4.5
994.5,12.5,80.5,4
995,12.5,78,4
995.5,12.5,79.5,4
996.5,12,77.5,5
997,12,76,4.5
998,11.5,77.5,3.5
999,11.5,80,3.5
999,11,81,3
1000,10.5,82,3
1000,10.5,81.5,2.5
1001,10.5,82,2
1001,9.5,82.5,2
1001,8.5,84,1.5
1002,9,85.5,1.5
1002,9.5,85.5,2
1002.5,9.5,86,2
1003.5,10,85,2.5
1003.5,10.5,83,2.5
1004,12.5,79.5,2.5
1004,14,68,2
1004,15,58,2.5
1003.5,16,55,2
1003,16,58,3
1003,16,59,2.5
1003,16,59,4
1003,16,57.5,4.5
1003,15.5,57.5,4
1003,15,61,4.5
1003.5,15,59,5
1003.5,13.5,62,4.5
1003.5,13,67,4.5
1004,12.5,76,5
1004,12.5,81,5.5
1003.5,12.5,82,5
1003,12.5,82,5
1003,13,82,5
1003,13,81.5,5.5
1003,13,82.5,5.5
1004,13.5,84,5
1004,13,86.5,5
1004.5,13.5,89,5.5
1005,14,88.5,6.5
1005,14.5,86.5,6.5
1005.5,15.5,83,7
1005.5,16,81,7
1005.5,16.5,79,7
1006,17,75.5,7
1006,17.5,74.5,5.5
1006.5,18.5,71,6
1006.5,18.5,68.5,5.5
1006.5,18.5,67,5.5
1006.5,17.5,70.5,5.5
1006.5,17.5,70.5,5
1006.5,17,73,4.5
1007.5,16,74.5,4.5
1007.5,15,79,4
1007.5,14,82,4
1007.5,13.5,84.5,4
1007.5,13,86.5,4
1007,12,88,4
1007.5,12,89.5,4
1007.5,11.5,90.5,2.5
1007.5,11,91,3.5
1007.5,12.5,91,3.5
1008,13.5,87,3.5
1008,15,79.5,3.5
1008,16,74.5,4.5
1008,16.5,72.5,5
1008,17.5,69,4.5
496,9,31,5
496,9,30.5,4.5
1008,18.5,62.5,2
1007.5,18.5,62,1.5
1007,18.5,60.5,1.5
1007,19,59,1
1006.5,19,60,1
1006,18,61.5,1
1006,17,65,1
1006,16.5,67,0.5
1006,15,75,0.5
1006,14,80,0.5
1005.5,13,82.5,1
1005.5,13,83.5,1
1005.5,12.5,83.5,1
1005,12.5,84.5,1.5
1005,12,86.5,1
1005,12.5,86.5,1
1005.5,13.5,85.5,1
1005,15.5,81.5,1
1005,17,75.5,1
1005,18.5,67,1
1005,19.5,63.5,0.5
1005,20,63,0.5
1004,20,63,0.5
1004,20.5,64,1
1003,21,63,1
1003,21,61.5,1
1002,22,56.5,1
1002,22,57,1
1001.5,22,59.5,1
985,23,47,2
492.5,11,24.5,1
1001,19,66.5,2.5
1000.5,19,67.5,2
1000.5,18,69.5,1.5
999.5,17,75.5,2.5
999.5,16.5,77.5,3
999,17,77.5,2.5
998,17,76.5,2.5
998,17,75.5,2.5
998,17.5,75,2.5
997.5,18.5,73.5,3.5
997,21,69,3.5
996.5,22.5,63,4.5
996.5,23.5,58,5.5
996,24.5,50.5,6
996,26,45.5,6.5
995,26.5,43,7
994.5,26.5,42,7
994.5,26,44.5,6.5
994.5,24.5,50,6.5
994,24,51.5,6.5
994,23.5,53,6.5
994,23,54.5,6.5
994,22,59.5,5
993.5,21,58.5,4.5
994.5,20,61,4.5
994.5,19.5,63,4.5
994.5,19,65.5,3.5
994.5,18,67.5,3.5
994.5,18,72.5,3
994,17.5,79,4
994,16.5,80.5,3
994,16.5,83.5,4
995,16,86.5,3.5
995,16,84.5,4.5
996,16.5,85,3.5
996,17.5,80.5,3.5
996,18,77,3.5
490.5,10,35,1.5
490.5,9.5,35.5,1.5
491,10,34,1.5
491,9.5,37.5,2
490.5,10,33,2.5
490.5,9.5,33,2
490.5,10,32,2
490.5,10,30.5,2
490.5,9.5,32,1.5
490.5,9,34.5,1.5
490.5,8,40,0.5
491,7.5,44,0.5
491,7.5,45.5,0.5
490.5,7,46,0.5
490.5,7,46.5,0.5
490.5,6.5,47,0.5
490,6,48,1
490,6,48.5,1
489.5,6,48.5,0.5
489.5,5.5,48.5,1
489,6.5,48.5,1.5
489,7.5,48,1
489,8.5,44.5,1.5
488.5,9.5,37,1.5
488.5,10,34.5,1.5
487.5,10,36,1.5
487,11.5,31,2.5
486.5,12.5,27,2.5
486.5,12,26.5,2.5
485.5,12.5,27,2.5
485,13,23.5,3
485,13.5,23.5,3
484.5,13,23,3
485,12.5,24,2
485.5,9,35.5,3
486,8.5,39.5,1
486.5,8.5,38.5,1.5
486.5,8.5,40.5,1
487,8,41.5,1.5
487,8,42,1
487,7.5,44,1
487.5,7.5,45.5,1
487,7.5,46.5,1
487,7.5,46.5,1
487.5,7.5,47,1.5
990.5,15.5,90.5,0.5
991,15.5,85.5,0.5
991,16.5,82.5,0.5
991,16.5,78.5,0.5
991,17,73.5,1
990.5,17.5,71,1
991,18,70.5,1.5
990,18,73,1.5
990,18,75,2
989.5,17.5,74.5,2
989.5,17,74.5,2.5
988.5,16.5,74.5,2.5
987.5,16,73.5,2
988,15,77,1.5
988,14,82,3
988,13,88,2
989,12.5,89,2.5
989.5,11,89,2
990,11,89.5,2.5
991,10.5,91,3.5
991.5,11,89.5,2.5
992,10,89,2.5
993,10,92,2
993.5,10.5,92.5,1.5
994,11.5,90,2.5
994.5,12.5,84,2.5
995,13,78,2.5
995.5,13.5,73.5,2
995.5,14,70.5,2.5
996.5,14.5,69,2
996.5,15.5,63,2.5
490.5,7,34.5,2.5
996.5,16,63,2
996.5,16,58,4
490,7.5,30.5,2
996,15,58,3
996,14.5,62,1.5
996,13.5,65.5,1.5
996.5,13,70.5,3.5
996,12.5,76.5,4.5
996,12,77.5,4.5
996,11.5,79.5,3.5
490,5,40.5,1.5
489.5,5,40.5,2.5
489,4.5,43,2
488.5,5,42,2
488,5.5,38.5,2.5
488,6,36.5,2
991,13.5,73,6.5
990,15,68.5,7.5
989,16.5,62,8
988.5,17.5,58,8
988,18,56,10
988,19,56,7.5
988,19,54.5,8
989,15.5,70.5,8
989.5,14,76.5,8.5
988.5,13.5,77,8.5
988.5,13.5,74,8
988.5,14,70,9
988,14,70.5,9
988,13.5,72.5,9.5
988.5,13.5,77.5,9
989,13,80.5,11
988.5,13,77,12.5
989,12.5,76.5,13.5
989.5,12.5,76,13.5
990.5,12,76,13.5
991,11.5,78.5,12
992,11.5,79,12
993,11,80,12
994.5,11.5,79,11.5
994.5,11.5,80,12
995.5,12,79.5,11.5
997,12.5,79,10
998,13.5,75,10.5
998.5,14.5,69.5,12.5
999.5,15,64.5,12
1000,15,61.5,11
1001,15.5,59.5,10.5
1001.5,15,60.5,11
1002,14,68.5,9
1002.5,15,66,9.5
1003,15,65,8.5
1003,14.5,64,7.5
1004,13.5,68,6
1004,12,73,5.5
1004.5,12,75,5
1004.5,11,80,4
1005,10.5,84.5,4.5
1005.5,10,86,4
1005.5,10,86,4
1005.5,10,87,3
1005,9.5,88,3
1005,9.5,88,4
1005,10.5,85.5,4
1005.5,12.5,81.5,3.5
1005.5,14.5,74,3
1005.5,15.5,67,3.5
1005.5,16.5,63.5,2.5
1004.5,16.5,60.5,2
1004.5,16.5,61.5,2.5
1004,8.5,28,0
1003,16.5,64,2.5
1002.5,16.5,62.5,3.5
1002,16.5,62.5,4
1002,16.5,64.5,4
1001,16.5,66,4.5
1001,16,69,4
1001,15.5,71,4
1001,15,73.5,4
1000.5,14.5,73.5,4
1000,14.5,75,4.5
999.5,14.5,75.5,3.5
999,14,76.5,3.5
998,13.5,78,3
997.5,13,81.5,3
997,12,83.5,2.5
996.5,12.5,85,2.5
996.5,13.5,84.5,3
996.5,14.5,81,3
995.5,16,77.5,3.5
995.5,17,73,3.5
995,18,69,4
994.5,18,67,3.5
994.5,17.5,70.5,4.5
993.5,18.5,72,5.5
993.5,18,71.5,4
992.5,18,71.5,3.5
993.5,16,83,4
993.5,15,88.5,3
993.5,15,87.5,2.5
993.5,14.5,87,2.5
993.5,14,86.5,2.5
994,13,88,4
994,13,90,4.5
994,12,90,4.5
994,11.5,89.5,4
994,10.5,90,3
994.5,10,90.5,2.5
994,10,92,2.5
994,9.5,93,3
994.5,9.5,93.5,3.5
994,10.5,93.5,3.5
994,11.5,91.5,3
994.5,12.5,84.5,2.5
994.5,13.5,76,2.5
994.5,14.5,66.5,3
994.5,15.5,63,2.5
995,15.5,60.5,3
995,16,59,3
995,16,61,2.5
995,15.5,65,2.5
994.5,15.5,66,2.5
994.5,15,69.5,2
994.5,14.5,73.5,3
994.5,14.5,75.5,2.5
994.5,14,75.5,2.5
994.5,14,77,2.5
994.5,13.5,78,2
993.5,14,78.5,2
993.5,13.5,79,2
993,13.5,79.5,2.5
993,13.5,80,3
992.5,13,81.5,3
992,12.5,84,3
992,12.5,89,3
991.5,12,92,2.5
991.5,12,93,2
991.5,12,94,2
991.5,13,94,2
992,13,93,4
992,13.5,88.5,4.5
992.5,14,81.5,5
992,14,79,5
992,14.5,76.5,5
992,14.5,76.5,4
992,14.5,73.5,4
991.5,15,74,4
991.5,15,75,3
992,13,81,4.5
992,12,86,4
992.5,11.5,86.5,4
992,11.5,87.5,4.5
992,11.5,86,4.5
992,12,85,5.5
991.5,11.5,86.5,5
991.5,11.5,87.5,5.5
991.5,11,88.5,5.5
992,11,89.5,6
992.5,11.5,89.5,5.5
993,12,88.5,6
993,12,87.5,7
993,12.5,85.5,7
993.5,13.5,79,8.5
993.5,15,71.5,9
993.5,15,68,9
993.5,15.5,65.5,9.5
993,15.5,66,9.5
993,16.5,63.5,9.5
993.5,16.5,64.5,8.5
993.5,15,70,7.5
993.5,15.5,71,6.5
993,15.5,66,6.5
994,15.5,68.5,6
994,14,73.5,5.5
995,13.5,78.5,5
995,13.5,79,4.5
995,13.5,79.5,3.5
995,13,79.5,4
994.5,12,81,4
994.5,12,84,4
994.5,12,85.5,4
995,11.5,86.5,4
995.5,11.5,87,2.5
995.5,12,87,2.5
996,13,85,2.5
996.5,14.5,81,4
996,16.5,74,2.5
996,18,67.5,4
996.5,19,59,4
996.5,20.5,51.5,5
996.5,20.5,52.5,5
996.5,20,57.5,4.5
995.5,21,54.5,3.5
995.5,20.5,55.5,3.5
995.5,20,57,2.5
995,20,59,2.5
995,18.5,62.5,2
995.5,17.5,66,2.5
995.5,17,71.5,3
995.5,16,77.5,2.5
995,16,81,2.5
994,15.5,82.5,3
994,15.5,83.5,2.5
994,15.5,84,3
994,14.5,87,3.5
994.5,14.5,90,3.5
994,14.5,91.5,3.5
994.5,15,92,3
995,15,92,3
996,15.5,91,3.5
996.5,16,87.5,4
997,17,78.5,4.5
997,18,67,4.5
998,18.5,62.5,4.5
998,18.5,61,4
998,18.5,60.5,4
998,19,60,3.5
998,19,60,3
998,19,59,4
998,18.5,59.5,3.5
998.5,17.5,63.5,2.5
999,17,65.5,2.5
999,16,68,2.5
999.5,15,71,3
1000,14.5,73,3
1000,14,76.5,3
1000,14.5,77.5,3
1000,13.5,79,3
1000.5,13,83,3
1001,13.5,82.5,3.5
1001,13.5,83,4
1001,14,82,4.5
1001.5,14.5,81.5,5.5
1002.5,15.5,79,4.5
1002.5,16.5,71.5,5.5
1002.5,16.5,68,5.5
1002.5,17.5,66.5,5.5
1002.5,18,66,5
1002.5,18,65,4
1003,18.5,64,4
1003,19,63,3.5
1003,19,63,4.5
1003,19,63,4.5
1003,18.5,62.5,4
1003,18,65,3.5
1003,17.5,67,3
1003.5,16.5,69.5,2
1004,15.5,77.5,2.5
1003.5,14.5,81,2
1003.5,14,83.5,2.5
1003.5,13,86.5,3.5
1003,13,88,3
1003,13,89,3
1002.5,12.5,90.5,3.5
1003,13.5,90,3
1003,15,87.5,3
1003,16.5,81.5,2.5
1003,19,71.5,2.5
1002.5,20,61,3.5
1002,21,56.5,3.5
1002,21.5,53,3
1002,22,53.5,3
1001.5,21.5,57.5,2.5
1001.5,21.5,58.5,2.5
1000.5,21.5,58,2.5
1000.5,21.5,57,2.5
1000.5,21.5,57.5,2
999.5,21,59,2.5
999.5,20.5,60,1.5
999.5,19.5,59.5,2
999.5,18.5,63.5,2.5
999.5,17.5,70,1.5
999.5,17,72.5,1.5
999.5,16,75.5,2
999.5,15.5,75.5,1.5
999,15,77.5,1.5
998.5,14.5,81.5,2.5
998.5,14.5,81.5,1.5
998.5,14.5,81,2
998.5,16,80,2
998.5,17.5,75.5,1.5
998,19,72.5,1.5
997.5,20,66.5,2
997.5,20.5,62,2.5
997.5,21,60,2.5
997,21.5,60.5,3
996.5,22,58.5,2.5
996,22,58.5,3
996,21.5,60.5,4.5
995,22,61.5,4.5
994.5,21.5,63,1
994.5,21.5,61.5,1
994,20.5,62.5,4
994,19.5,66,4.5
993.5,19,69.5,3.5
993.5,18.5,74,3.5
992.5,18,74,3
992.5,18,74.5,3
991.5,18,76.5,2.5
991.5,18,79,3.5
991,18,76,4.5
991,18,73,4
990.5,17.5,76,1.5
989.5,18.5,75,1
989.5,19,74,2
990,20,73.5,2.5
991.5,20,73.5,3
488,11,31,1.5
991,20,73.5,2.5
991,20.5,72,3
990.5,22,64,4
990.5,22.5,61,4.5
990,22,62.5,5.5
990,21.5,64.5,6
990.5,19,73,4.5
991,19,72.5,3
991.5,17.5,79,2.5
991.5,17.5,83.5,2
992,17,84.5,3
992.5,16.5,85.5,3
992.5,16.5,88,3
992.5,16,87.5,4.5
992.5,15.5,88.5,4.5
992.5,15,90,3.5
993,15,91,3.5
993.5,14.5,90.5,4.5
993.5,14.5,90.5,4
994,14.5,90.5,4
994,15,88,4.5
994.5,16,87.5,4.5
994.5,16,83.5,5
995,16,86,4.5
995.5,16,85.5,4
996,16.5,84,4
996,17,82.5,4.5
490,8.5,41.5,1.5
996.5,18,70,5.5
996.5,18,67,5.5
997,18,65,6
997,17.5,65,5.5
998,17.5,61.5,5.5
998,16,65,5.5
998.5,15,67.5,4
999,14,69.5,4.5
999.5,13,73,4
999.5,12,79.5,4
999.5,12,83.5,4
1000,11,87.5,4
1000,10.5,89.5,4
1000.5,10,91,4
1000.5,10,92,3.5
1001,11.5,92,3
1001.5,13.5,86,3.5
1002,14.5,78.5,3.5
1002,15,69,4
1002,16.5,61.5,4.5
1002.5,16.5,59.5,4.5
1002.5,17,57.5,4.5
1003,18,54.5,4.5
1003,18,54,3.5
493,9,25,1
1003,18,55,3
1003,17.5,55.5,3.5
1003,17,58,3
1003,17,58.5,3.5
1004,16,62,2.5
1004,14.5,68,2.5
1005,14.5,68,2.5
1005,14,70.5,3
1005,13,74,3
1005,13,77,3
1004.5,13,78.5,3
1004,12.5,82.5,3.5
1004,12,84,2.5
1004.5,12.5,84,3
1004.5,13.5,79.5,3
1004.5,14.5,75.5,3
1004.5,16,73,3.5
1003.5,17,68.5,4
1003.5,18.5,63,1.5
1003.5,19,58.5,1.5
1003.5,19.5,57,1
1003,20,62,1.5
1002.5,20,62.5,1.5
1002.5,20,62,1.5
1001.5,20,62,1.5
1001.5,20,61.5,2
1001,20,62,2
1001,19.5,63.5,2
1001,18.5,69,1.5
1002,17.5,74.5,1.5
1002,17.5,76.5,1.5
1001.5,17.5,75.5,1
1001.5,17.5,75.5,1
1001,17,76.5,1.5
1001,16.5,80,1.5
1001,15.5,83,1
1000.5,15.5,83,1
1000.5,16,82,1
1000.5,17,79,0.5
1001,18.5,75.5,1
1001,20,71.5,1.5
1000.5,21,68.5,2
1000.5,22.5,63,2.5
1000,23.5,60,2.5
999.5,23,63.5,2
999.5,23,65.5,2.5
999,23.5,65,2.5
999,23.5,64,2.5
998.5,23.5,64,2
998.5,23.5,65,2
998.5,23,67,2
998.5,22.5,69,1.5
998.5,23.5,65.5,1
999,23,67,1
999.5,22.5,69,1.5
999.5,21.5,36.5,1.5
492,21,38,1.5
999.5,21,72.5,1.5
999,20,75,1.5
999,19.5,76,1.5
999,19.5,76,1
999,20,77.5,1.5
999,10.5,37.5,0
999.5,22,72,0
999.5,22.5,68,0
999.5,24.5,64,2
999.5,25.5,60.5,1.5
999.5,26.5,58.5,1.5
999.5,27,55.5,1.5
1000,27,53,1.5
1000,26.5,54,3.5
1000.5,26,56,3.5
1000.5,25.5,57,2.5
1000,24.5,60,2
999.5,24,66,2
999.5,23.5,68,2
1000,23,66.5,2
1000.5,22.5,68,3
1000,21,72.5,3.5
1000.5,20,78,3.5
999.5,20,77.5,4.5
999,20,78,4.5
999,20,78,4.5
998.5,20,78.5,4.5
998,20.5,78.5,4.5
998.5,20.5,79,4
998.5,21,79.5,4
998.5,22.5,74.5,3
998.5,23.5,71,3
998.5,25,69,3
998.5,26.5,64,3.5
998.5,26.5,60,4.5
999,25,64,4
999.5,26,66,3
999.5,26.5,63.5,4
1000,27,59.5,4.5
1000.5,26.5,58,5.5
1001,25.5,60,5
1001.5,24.5,59.5,4.5
1002,23.5,62,4
1002.5,22.5,64.5,3.5
1003.5,22,67,3
1003.5,21,72,2.5
1004.5,20,77,2
1004.5,19.5,82,3
1004.5,19.5,85.5,3.5
1005,18.5,85.5,3
1005.5,18,87,4
1006,18,90,3.5
1006,18,91,4
1007,18.5,90.5,3.5
1007,19,88.5,4.5
1007.5,19.5,86,4.5
1008,21,82,4.5
1008.5,21.5,80,4.5
1008.5,22,77,5
1008,22.5,75.5,5
1008,22.5,74.5,6.5
1008,22.5,75,7
1008,22,74,7.5
1008,22,74.5,8
1007.5,22,74.5,8.5
1007.5,21.5,74.5,8.5
1008,21,76,8.5
1008,20.5,77.5,7.5
1008.5,19.5,81,7.5
1009,19,83.5,7.5
1009,18.5,82.5,7.5
1009.5,18.5,83,7.5
1009,18,83.5,7
1009,17.5,83,6.5
1009,16.5,84,7
1009.5,16,85.5,7
1009.5,16,86.5,6
1010,16,84,6.5
1010,16.5,81.5,6.5
1010.5,17.5,78,6.5
1010.5,18,73.5,6.5
1010.5,19.5,69.5,7
1010,19.5,69,7.5
1010,20,67,7.5
1010,20.5,66,8
1010,21,64,8.5
1009,21,63,8.5
1009,20.5,63,9
1008.5,20.5,61.5,9
1008.5,20,61,9
1008.5,19.5,62,8.5
1008.5,18.5,65,8
1008.5,17.5,69,7
1008.5,17,71,6.5
1008.5,16,74,6
1008.5,15.5,78,5.5
1008.5,15,79.5,5.5
1008.5,14.5,83.5,5.5
1008,14,85.5,5.5
1008,13.5,87,5
1008,13.5,87,5.5
1008,14,86,5.5
1008,15,81.5,5.5
1008,16.5,76,5
1007.5,18,70.5,4.5
1007.5,19.5,66.5,4.5
1007,20.5,61.5,4
1007,21.5,58.5,4
1006.5,22,60,5
1006,21.5,63,5.5
1006,22,63.5,6
1005,22,63.5,6.5
1005,22,63.5,6
1004.5,21.5,63.5,6.5
1004.5,21,64.5,5.5
1004.5,20.5,65.5,6
1004.5,19.5,69,4.5
1004.5,19,71.5,4
1004,19,71.5,3.5
1003.5,18.5,73.5,3.5
1003.5,18,70.5,3
1003,18,67.5,3.5
1003,17.5,69.5,3
1002,17,70,3.5
1002,18,65,4
1002,19,61.5,4
1002,20.5,59,3
1002,22,58,3
1001.5,24,53.5,3
1001,25,48,3
1001,26.5,43,3
1000.5,28,44,2.5
999.5,28.5,38.5,4
999.5,29,36.5,4
998.5,30,34.5,4
998,30,34,4
997,30,35,4.5
997,29.5,37.5,4
996.5,28.5,42.5,3.5
996,27,43.5,3.5
996,25,48,3.5
996,24,51.5,3.5
995.5,23,54,3.5
995,23,51,3
994.5,23,49.5,3.5
994.5,22.5,52,4
994,22,57,5
995,21.5,62,6
995.5,20.5,67.5,4.5
996.5,21,70.5,4.5
997,21.5,69,4
998,22,62.5,4.5
998.5,22.5,61.5,4.5
999,23,64,5
999.5,23,64.5,5.5
999.5,22.5,64.5,4
999.5,23.5,62,3.5
1000,23.5,59,4
999.5,24,59.5,4
999.5,23,63.5,5
1000,22,65,6
1000,21.5,68,6
999.5,21,66.5,5.5
999,20,68.5,4
999.5,18.5,72.5,4.5
1000,17.5,74.5,4.5
1000,17,73,4
1000,16.5,76,4.5
1000,15.5,79,3.5
1000,15,82,3.5
1000,16.5,83.5,4
1000,16,82,3.5
1000,16,81,4.5
1001,16,79.5,4.5
1001,16.5,77,4.5
1001.5,17,76.5,4
1002,17.5,77,4.5
1002,18.5,72.5,4
1002,19,67,4.5
1002.5,20,61.5,5
1002.5,20,60,5
1002.5,20,59,5
1002.5,20.5,56.5,5
1002,20.5,55.5,5
1002,20.5,55.5,5
1002,20,56,4.5
1002.5,19,58,4
1003,18.5,59,3.5
1003.5,17,66,4
1004.5,16.5,69,3.5
1004.5,16,69.5,3
1004.5,15.5,71.5,3.5
1004.5,15,74,3.5
1004.5,15,75.5,3.5
1004.5,14.5,76,4
1005,14,78,3.5
1005.5,14,81,3.5
1005.5,15,81,3.5
1005.5,16.5,76.5,3
1006,17,71.5,3
1006,17.5,68,3
1006,18.5,63.5,3
1006,18.5,61.5,3.5
1006,19,61.5,3.5
1006,19,60,4
1006,19,59.5,4.5
1005.5,19.5,59,5
1005.5,19.5,58,5
1005.5,19.5,58,6
1005.5,19,59,6
1005.5,18,62,6
1005.5,17,66,5
1005.5,16,68,5
1006,16,68.5,5.5
1006.5,15.5,67.5,5.5
1006.5,15,67,5
1006.5,14,69.5,5
1006.5,13.5,72.5,5
1006.5,13.5,74.5,4.5
1006.5,13.5,76.5,5
1006.5,13.5,77,4.5
1007,14,76,5
1007.5,15,72.5,5.5
1007.5,16,67.5,5
1007.5,17,63.5,5.5
1007.5,17.5,60.5,5.5
1007.5,18,59,6
1008,18,60,6.5
1007.5,18.5,59.5,7
1007.5,18.5,59.5,7.5
1007,18.5,58.5,7.5
1007,18.5,57.5,7.5
1007,18,56,7.5
1007,18,56.5,7.5
1007,17.5,56,7.5
1007,16.5,58.5,6.5
1007.5,16,62,6
1008.5,15,63,6
1008.5,14,66,5.5
1008.5,13.5,68.5,4.5
1008.5,13.5,70,4
1007.5,13,71,5
1007.5,12.5,73.5,4.5
1007.5,12,74.5,4.5
1007.5,12,75,5
1007.5,12.5,71.5,4.5
1008,13.5,68,4
1008,15.5,63.5,3
1008,17,57,3.5
1007.5,17.5,54.5,4
1007.5,18,52,4
1006.5,19,52,3.5
1006.5,19,53,4
1005.5,19.5,53,4
1005.5,20.5,54.5,4.5
1004.5,20,54.5,4.5
1004,20,55,4
1004,19.5,56.5,3.5
1003.5,19,59,3
1003.5,18,62.5,2
1003.5,17,65,1.5
1003.5,16.5,65,1.5
1003.5,16,64.5,1.5
1002.5,15.5,66,1.5
1002.5,15,71.5,2
1002.5,14.5,71.5,2
1002.5,14,75,2
1002,14.5,78,2.5
1002,14,74.5,2
1002,15.5,72,3
1002,17,69.5,2.5
1002,18.5,66.5,2.5
1002,19.5,62.5,2.5
1002,20.5,59,2.5
1001.5,21.5,55,2.5
1001.5,21.5,51.5,3
1001.5,22.5,51,3.5
1001,23,50,4
1000.5,22,50.5,3.5
1000,22,50.5,3
999.5,21.5,51.5,2.5
999,21.5,55,2.5
998.5,20.5,56.5,2.5
998.5,20,58,2
998.5,19,65,3
998,18.5,67,1.5
998,18,67,2
998,17.5,67.5,2.5
997,16.5,72.5,2.5
997,16,75.5,2.5
996,15.5,78,3.5
995.5,15,79,3
995.5,14,80.5,2.5
995,16,82,2.5
995,17.5,78.5,3.5
995,19.5,71,3
995,20.5,65.5,2.5
995,21,57.5,3.5
995,21,54.5,4.5
995,20.5,56,4
995.5,20.5,58,4
995,20,61,4
995,20,60,4
995.5,19,68.5,3.5
995,19,69.5,2.5
995,18.5,71.5,3.5
995,17.5,77.5,3.5
995,17.5,80,4
996,16.5,84,4.5
996,16,82.5,4
996,15.5,82,3.5
996,15.5,84,3.5
996,15.5,84,3.5
996,15.5,82.5,3.5
996,15,82,4
996,14.5,81.5,3
997,14.5,80.5,4
997,14.5,80,3.5
997.5,14.5,79.5,3.5
998,15,74.5,2.5
998,15.5,71,3.5
998.5,16.5,66.5,4
999,16.5,64,4
999,17,62,4
999,17,62,4
999,17,60.5,4
999.5,17,58.5,4
999.5,17,59.5,4
999.5,17,60,4.5
999.5,16.5,61.5,5
999.5,16.5,61,4.5
999.5,15.5,61,3.5
1000,14.5,66,3.5
1000.5,14,67,4
1001,13.5,68,4
1001,13,71,3.5
1001,12.5,73.5,2.5
1001,11.5,76,2.5
1001,11.5,77.5,2
1001.5,11.5,79,2
1002,11.5,79,3
1002.5,12.5,78,3
1003,13.5,75,3.5
1003,14.5,71,4
1003,16,62.5,5
1003.5,16,59.5,5
1003.5,16.5,58,5.5
1003.5,16.5,57,5.5
1003.5,16.5,57,5
1003.5,16.5,57,5.5
1003.5,17,56.5,5.5
1003,17,56,6
1002.5,16,57.5,5.5
1002.5,16,58,5.5
1002.5,15.5,60.5,4.5
1003,14.5,63,4
1003.5,14,66.5,4
1004,13.5,69.5,3.5
1004,13,71.5,3
1004,13,73.5,3.5
1004,12,76,3
1004,12,76.5,2.5
1003.5,11.5,77.5,2.5
1003.5,11,80.5,2
1004,11,82,2.5
1004,11.5,81.5,2.5
1004,13.5,77,2.5
1004.5,14.5,70.5,3
1004.5,15.5,63,2.5
1004.5,16,59.5,3.5
1004,16.5,57,3.5
1004,17,56.5,4
1004,17.5,55,4.5
1004,18,53.5,4.5
1003.5,18.5,52,4.5
1003,18.5,51.5,4.5
1003,18.5,51.5,4.5
1003,18,48.5,4
1003,17.5,49.5,4
1003,16.5,54,3
1003.5,15,58.5,2.5
1003.5,15,61,2.5
1003.5,15,62.5,3
1003.5,14,65,3
1003.5,13.5,68,2
1003.5,13,70,2.5
1003.5,12.5,74,2.5
1003,12,74.5,2.5
1003,12.5,74.5,3
1003,13.5,72.5,3
1003,14.5,66.5,3
1003,16,60,2.5
1003,18.5,50.5,2.5
1002.5,19,46.5,3
1002.5,20,44,3
1002.5,21,44.5,3
1001.5,21.5,46.5,3
1001.5,22,49,3.5
1000.5,22,51.5,3
1000.5,21,55,3
1000.5,21.5,56,3
1000,21,58.5,3
1000,20,61,2.5
999.5,19.5,63,2.5
999.5,19,65.5,2.5
999,18.5,68,2
999,18,71.5,2
998.5,17,75,2
998,16.5,76.5,2.5
997.5,16,78,2
997,16,77.5,2.5
996.5,16,75.5,2.5
996.5,16,76.5,3
996.5,16,76.5,3
996,16.5,76,3.5
996.5,17,74.5,4.5
996.5,17.5,78,4.5
996.5,18.5,79,4.5
996,19,74.5,5.5
996,21,67.5,5
996,21.5,63,4.5
996,20.5,68,4.5
996,20.5,69,4
996,21,64.5,3
995,22,60,2.5
995,22,52.5,4
995,21.5,54,3.5
995,20.5,56.5,2.5
995.5,19.5,60,2.5
995.5,19,66.5,2.5
995,17.5,73.5,3
995,16.5,74.5,3
995,16,77,3.5
994.5,15.5,78,3.5
994.5,15.5,80,3
994,15.5,83,3.5
994,15,86,2
994,15.5,86,2.5
995,17.5,79.5,3
995,18.5,74,4
995,19,69.5,5
995,20,67,5
995.5,20,65.5,5.5
995.5,20.5,63.5,5
995.5,19.5,70,5.5
996,19.5,73.5,4.5
996,18.5,74.5,4
996.5,18,78.5,4
996.5,18.5,79.5,3.5
997,18,77.5,4
997.5,18,74,4
998,17.5,74.5,3.5
998.5,16.5,77,4.5
999,16,81,4.5
999.5,15.5,83.5,5
999.5,15,86,4.5
999.5,15,86,5
999.5,15,86,5
999.5,15,88,5
1000,15,89.5,5
1000.5,14.5,91,5
1000.5,15,91,5
1001.5,15.5,90.5,5
1001.5,16.5,87,6
1002,17,80,5.5
1002,17,79,5.5
1002,17.5,77,5
1002.5,18,74,5
1002.5,18,74,4.5
1002.5,18,76.5,6.5
1002.5,17,83.5,5
1002.5,16.5,82.5,5
1002.5,17,82.5,4.5
1002.5,17,82,4.5
1002.5,16.5,82.5,5
1003,16.5,83,5
1003,16,84,5.5
1003.5,15.5,84.5,5.5
1003.5,15.5,84,5.5
1003,15.5,83.5,4.5
1003,15,85,5
1003,14.5,86,4.5
1003,14,84.5,4
1002.5,14,84.5,4.5
1002.5,14,85,5.5
1002.5,14,86.5,5.5
1003,14.5,88,6
1003,15,81,6
1003.5,15,75.5,6
1003.5,15.5,75,6
1003.5,15.5,77.5,6.5
1003.5,16,74,5.5
1003.5,16.5,69.5,6
1003,16.5,68.5,6
1003,17.5,70.5,6
1002.5,17,71.5,6
1002.5,16.5,71,6.5
1003,16.5,72,6.5
1003.5,16,73,6.5
1003,16,73.5,6.5
1003.5,15,75,5.5
1003.5,15,77,4.5
1003,15,79,5
1003,15,78.5,5
1003,14.5,76,4.5
1002.5,14.5,75.5,4.5
1002,14,79,4.5
1002.5,13.5,83,4.5
1002.5,13.5,85,4
1003,13,84.5,3.5
1003,14,83,4.5
1003,14.5,77,4.5
1003,14.5,73,4.5
1003,15,69.5,5
1003,15.5,67,4
1003.5,16,66,4
1003.5,16,67.5,4
1003.5,15.5,71,4.5
1003.5,16,72,4.5
1003,16,71.5,5
1003,16,72.5,5
1003,15.5,72,4.5
1003,15,73,4
1003,15,71.5,3
1003,14.5,72.5,3
1003,14.5,72.5,3
1003,14.5,72,2
1003,14.5,73,2
1002.5,14,74.5,3
1002.5,14,78,2
1002,14,80,2.5
1002,13.5,80.5,2.5
1002,13.5,81,2.5
1002.5,14,81,1.5
1002.5,14.5,80.5,1.5
1002.5,15.5,74.5,2.5
1002.5,15.5,67.5,2.5
1002.5,16.5,65,2.5
1002.5,17,64.5,2.5
1002,17.5,65,3
1001.5,18,63.5,3
1001.5,19,61.5,3.5
1001.5,19.5,60,3
1001,19.5,59,2.5
